날짜,종목코드,종목명,상장주식수,상장수_변화율,시가총액,시가총액_변화율,액면분할_flag,증자_flag,소각_flag,시총급변_flag
2009-07-20,000020,동화약품,27931470,4.0,265069650300.0,-0.04141414141414146,1,0,0,0
2018-01-11,000040,KR모터스,119759667,-0.3638789142058514,76047388545.0,0.24288273685933648,0,0,1,0
2020-05-25,000040,KR모터스,91661018,0.9353684078327877,71128949968.0,0.9328775862010852,0,1,0,0
2024-05-23,000040,KR모터스,60132868,1.0640902227683178,46422574096.0,1.045542557095175,1,0,0,1
2016-10-27,000050,경방,27415270,9.0,525002420500.0,-0.08153477218225424,1,0,0,0
2006-02-23,000060,메리츠화재,85800000,9.0,399828000000.0,0.0401785714285714,1,0,0,0
2011-04-11,000060,메리츠화재,87269690,-0.2950752019386107,1064690218000.0,-0.1690741510773961,0,0,1,0
2011-12-05,000070,삼양홀딩스,5756186,-0.4254201828514229,473734107800.0,-0.41547689800583565,0,0,1,0
2011-12-05,000075,삼양홀딩스우,222420,-0.42541978816843196,11343420000.0,-0.2674102299147507,0,0,1,0
2025-05-20,000075,삼양홀딩스우,178567,-0.4127205993593328,11374717900.0,-0.40619527268554756,0,0,1,0
2025-06-20,000075,삼양홀딩스우,158008,-0.11513325530473151,13667692000.0,-0.1222365433928817,0,0,1,0
2011-09-26,000080,하이트진로,69477714,0.7156980897266036,1827263878200.0,0.6173068014268701,0,1,0,0
2020-04-07,000100,유한양행,66856810,4.0,3112184505500.0,0.03674832962138086,1,0,0,0
2020-04-07,000105,유한양행우,1180940,4.0,52906112000.0,0.05660377358490565,1,0,0,0
2008-03-21,000120,대한통운,40134654,1.4874815412837488,4334542632000.0,1.5225164925694354,1,0,0,1
2009-05-15,000120,대한통운,22812344,-0.4321999971924042,1870612208000.0,-0.5523115362478572,0,0,1,0
2008-07-30,000140,하이트홀딩스,11828042,-0.44200000301926556,631617442800.0,-0.7464068098827981,0,0,1,0
2009-08-18,000140,하이트홀딩스,23206765,0.962012393936376,980485821250.0,0.8861211295520337,0,1,0,0
2008-07-30,000145,하이트홀딩스(1우B),470810,-0.4419996562942595,15607351500.0,-0.5415684908588526,0,0,1,0
2012-05-15,000150,두산,20720183,-0.16427828625805319,2579662783500.0,-0.1839423265813931,0,0,1,0
2016-05-10,000180,성창기업지주,69751600,9.0,251454518000.0,-0.0027662517289073207,1,0,0,0
2006-02-08,000220,유유,5831450,4.0,86013887500.0,-0.078125,1,0,0,0
2021-04-20,000220,유유제약,15493945,0.9282475075128369,177405670250.0,0.6726086334107562,0,1,0,0
2006-02-08,000225,유유(1우),1133465,4.0,8489652850.0,-0.0092592592592593,1,0,0,0
2021-04-20,000225,유유제약1우,2266930,1.0,37290998500.0,0.5741626794258374,0,1,0,0
2006-02-08,000227,유유(2우B),164080,4.0,1394680000.0,-0.14914914914914912,1,0,0,0
2021-04-20,000227,유유제약2우B,325560,0.9841540711847878,11996886000.0,0.5200847717912565,0,1,0,0
2011-05-12,000230,일동제약,25068065,4.0,199291116750.0,-0.02930402930402931,1,0,0,0
2013-07-17,000240,한국타이어월드와이드,93020173,2.2852068843003286,2265041212550.0,2.2852068843003286,1,0,0,1
2006-03-21,000300,대유엠텍,20946025,6.007222656191194,24087928750.0,0.41373790431927615,1,0,0,0
2006-07-07,000300,엠앤에스,37520482,0.7912936702787283,37332879590.0,0.7912936702787283,0,1,0,0
2024-10-25,000300,대유플러스,79101178,-0.37447127497438637,156936737152.0,4.149580873239906,0,0,1,1
2013-01-24,000360,삼환기업,8868035,-0.2500791735005342,35294779300.0,0.7252513811953027,0,0,1,0
2013-01-24,000365,삼환기업우,1087434,-0.2501458425562373,2881700100.0,0.7279247975878009,0,0,1,0
2007-03-06,000370,한화손해보험,30477244,0.9691647944556536,298676991200.0,1.144201665073934,0,1,0,1
2010-01-20,000370,한화손해보험,48738915,0.5991903664255207,565371414000.0,0.5523521548565724,0,1,0,0
2013-11-27,000370,한화손해보험,90738915,0.8617344066850894,429648762525.0,0.8957661108933115,0,1,0,0
2006-05-17,000400,대한화재,42050000,4.0,96715000000.0,-0.04166666666666663,1,0,0,0
2012-12-24,000400,롯데손해보험,67280000,0.6000000000000001,201840000000.0,0.6188870151770658,0,1,0,0
2015-06-24,000400,롯데손해보험,134280000,0.9958382877526755,363227400000.0,0.9560661479605026,0,1,0,0
2019-10-24,000400,롯데손해보험,310336320,1.3111134941912423,692049993600.0,1.3007960232350313,1,0,0,1
2007-07-26,000420,로케트전기,1925896,1.6029279790673283,32740232000.0,1.431306354073878,1,0,0,1
2009-10-08,000420,로케트전기,3693623,0.91787251232673,50971997400.0,1.035895436162221,0,1,0,1
2013-03-22,000420,로케트전기,46766640,9.298590288812862,42323809200.0,-0.12073356496456222,1,0,0,0
2013-03-22,000425,로케트전우,1063770,9.0,1116958500.0,-0.1497975708502024,1,0,0,0
2008-05-07,000430,대원강업,60000000,9.0,140400000000.0,0.13592233009708732,1,0,0,0
2023-04-12,000480,조선내화,40000000,9.0,352000000000.0,-0.12350597609561753,1,0,0,0
2023-07-27,000480,시알홀딩스,28144832,-0.29637919999999995,432023171200.0,-0.49053871320754716,0,0,1,0
2023-11-24,000480,CR홀딩스,46890490,0.6660426326225717,306663804600.0,0.6459091869111206,0,1,0,0
2010-05-17,000490,대동공업,23728210,4.0,115793664800.0,-0.14982578397212543,1,0,0,0
2022-11-07,000500,가온전선,6358926,0.5284604865892195,96973621500.0,0.5487722538528637,0,1,0,0
2025-02-20,000500,가온전선,16543115,0.6780765884533351,947920489500.0,0.6606871937543366,0,1,0,0
2006-04-24,000520,삼일제약,5500000,4.0,100375000000.0,0.0027472527472527375,1,0,0,0
2021-04-09,000520,삼일제약,13410862,1.003147173608074,133169859660.0,-0.00043962643577011296,1,0,0,0
2006-02-07,000540,쌍용화재,20122553,0.8091667443616586,199213274700.0,0.7559559577627863,0,1,0,0
2010-01-27,000590,CS홀딩스,474234,-0.20960999999999996,21506511900.0,-0.4728796102941176,0,0,1,0
2010-11-18,000590,CS홀딩스,917288,0.9342518672216669,65586092000.0,0.9315503981333686,0,1,0,0
2025-04-25,000670,영풍,19108450,9.37352609063864,707012650000.0,0.044409429533686096,1,0,0,0
2007-01-23,000680,국제상사,121437717,2.865262297702917,173655935310.0,2.865262297702917,1,0,0,1
2007-02-22,000680,국제상사,96236849,-0.20752093025595997,137618694070.0,-0.20752093025595997,0,0,1,0
2007-05-29,000680,국제상사,80838953,-0.16000000166256478,115599702790.0,-0.16000000166256478,0,0,1,0
2007-09-03,000680,국제상사,80838953,0.0,316888695760.0,1.7412587412587412,0,0,0,1
2007-02-22,000685,국제상사(1우B),20564,-0.4447714447714448,58298940.0,-0.4447714447714448,0,0,1,0
2007-05-29,000685,국제상사(1우B),17273,-0.16003695779031313,48968955.0,-0.16003695779031313,0,0,1,0
2007-09-03,000685,국제상사(1우B),17273,0.0,134038480.0,1.7372134038800704,0,0,0,1
2011-03-02,000687,LS네트웍스전환상환2우B,5057498,-0.2926576223776224,27462214140.0,-0.3041903785345089,0,0,1,0
2011-03-16,000687,LS네트웍스전환상환2우B,3579798,-0.29218004633911865,18400161720.0,-0.2866285172907981,0,0,1,0
2011-05-17,000687,LS네트웍스전환상환2우B,2607313,-0.1045943186512901,14079490200.0,-0.1176659344374027,0,0,1,0
2015-03-16,000687,LS네트웍스전환상환2우B,993406,-0.14510274367522702,4251777680.0,-0.17590985201125486,0,0,1,0
2015-07-15,000687,LS네트웍스전환상환2우B,832835,-0.14093605977711487,5804859950.0,-0.11555750910583318,0,0,1,0
2010-04-01,000700,한진해운홀딩스,43790877,2.0658331604067235,904281610050.0,2.095816858797009,1,0,0,1
2014-12-23,000700,유수홀딩스,26041812,1.0,192448990680.0,0.1501945525291828,0,1,0,0
2021-11-04,000725,현대건설우,1054693,9.668983167435462,90809067300.0,8.519165292395785,1,0,0,1
2014-03-31,000800,경남기업,35803128,1.2655722335476876,146255777880.0,1.2572835546444643,1,0,0,1
2005-09-01,000805,경남기업(1우B),608000,0.0,17540800000.0,4.0,0,0,0,1
2025-04-30,000860,강남제비스코,13000000,1.0,154050000000.0,-0.0062893081761006275,0,1,0,0
2024-12-13,00088K,한화3우B,19404441,-0.1365058294766821,295335592020.0,-0.142142214401769,0,0,1,0
2012-01-05,000890,보해양조,43920160,9.0,62366627200.0,0.05970149253731338,1,0,0,0
2014-05-08,000890,보해양조,74517150,0.5140484566863379,59613720000.0,0.5332136270241397,0,1,0,0
2012-01-05,000895,보해양조우,25510,9.0,1683660000.0,-0.020771513353115778,1,0,0,0
2015-07-03,000895,보해양조우,25510,0.0,2040800000.0,3.0201005025125625,0,0,0,1
2008-05-07,000910,유니온,14222900,9.0,170674800000.0,0.13207547169811318,1,0,0,0
2007-05-21,000990,동부하이텍,37162055,2.7427622696845466,720943867000.0,2.205721325910826,1,0,0,1
2015-07-03,000997,동부하이텍2우B,31019,0.0,2301609800.0,2.6732673267326734,0,0,0,1
2011-05-19,001020,페이퍼코리아,102045160,9.0,67860031400.0,-0.005979073243647215,1,0,0,0
2017-12-27,001020,페이퍼코리아,54216657,0.6828765628910536,66686488110.0,0.6966706330786852,0,1,0,0
2023-09-25,001020,페이퍼코리아,177983313,2.74175423998372,147548166477.0,2.792071228540958,1,0,0,1
2007-09-28,001040,CJ,19200848,-0.36999998950046353,1353659784000.0,-0.6418145101595377,0,0,1,0
2007-09-28,001045,CJ(1우B),2260223,-0.3700000780453867,60799998700.0,-0.665079092873931,0,0,1,0
2007-09-28,001047,CJ(2우B),1019041,-0.370000234926672,60123419000.0,-0.6666368956114228,0,0,1,0
2007-09-28,001049,CJ(3우B),533173,-0.3699997400467443,29804370700.0,-0.6547351516530687,0,0,1,0
2007-07-18,001060,중외제약,4388678,-0.36304729847799366,263320680000.0,-0.19373075756708058,0,0,1,0
2008-05-07,001060,중외제약,9040676,1.0,168156573600.0,0.04494382022471921,0,1,0,0
2007-07-18,001065,중외제약(1우B),64908,-0.36305382464059666,3530995200.0,-0.00431402472553033,0,0,1,0
2008-05-07,001065,중외제약(1우B),129816,1.0,2038111200.0,0.05723905723905731,0,1,0,0
2022-11-24,001065,JW중외제약우,325655,0.7821161791665527,11495621500.0,0.7450402531089961,0,1,0,0
2007-07-18,001067,중외제약(2우B),18909,-0.3630545356553374,1206394200.0,-0.013662120747828244,0,0,1,0
2008-05-07,001067,중외제약(2우B),42846,1.0,910477500.0,0.14864864864864868,0,1,0,0
2022-11-24,001067,JW중외제약2우B,200000,0.9431247388926132,12600000000.0,0.9712859669925062,0,1,0,0
2018-01-17,001070,대한방직,5300000,4.0,77645000000.0,-0.0608974358974359,1,0,0,0
2007-11-08,001080,만호제강,4150000,4.0,83830000000.0,-0.08181818181818179,1,0,0,0
2006-12-01,001120,LG상사,38760000,-0.43000000000000005,963186000000.0,-0.34118604651162787,0,0,1,0
2017-07-05,001140,국보,1682304,0.6375912096127339,17664192000.0,0.5995076931101122,0,1,0,0
2019-05-02,001140,국보,16823040,9.0,37094803200.0,-0.06369426751592355,1,0,0,0
2007-12-05,001190,마이크로닉스,33368995,0.5742419928607367,35371134700.0,0.3403184838814304,0,1,0,0
2005-07-04,001200,서울증권,258635060,4.0,241823781100.0,0.15006150061500612,1,0,0,0
2007-05-16,001200,서울증권,541629320,0.9984392650510194,590375958800.0,0.9276980521288594,0,1,0,0
2014-10-08,001200,유진투자증권,96866418,0.6707611573871743,179202873300.0,0.6182765136996191,0,1,0,0
2006-12-06,001230,동국제강,61824290,-0.13922866484304963,1378681667000.0,-0.15252976715231814,0,0,1,0
2023-11-10,001230,동국홀딩스,31800483,0.9967572025329046,279526245570.0,1.0243939804226332,0,1,0,1
2005-11-09,001250,쌍용,33855980,0.8869701114369763,108339136000.0,0.9078370794939412,0,1,0,0
2008-08-26,001250,쌍용,10679522,1.0,103698158620.0,-0.05036674816625919,0,1,0,0
2011-03-08,001250,GS글로벌,22533764,1.0,388707429000.0,1.0,0,1,0,0
2016-06-23,001250,GS글로벌,82533764,2.6626710033885153,185288300180.0,2.3022877118904486,1,0,0,1
2005-06-02,001260,남광토건,12616422,0.9068345398766886,68254843020.0,0.8998112082381005,0,1,0,0
2012-03-19,001260,남광토건,18787617,7.524737124380755,219815118900.0,7.524737124380755,1,0,0,1
2013-02-14,001260,남광토건,7033242,-0.6256448063636809,215217205200.0,11.728076583634849,0,0,0,1
2015-03-19,001260,남광토건,6987183,-0.15526748920446343,141141096600.0,5.771268538916603,0,0,1,1
2016-02-04,001260,남광토건,9796455,0.3517812920557837,122455687500.0,2.9023709354959113,0,0,0,1
2005-09-22,001290,브릿지증권,50040543,-0.37155793242392077,59047840740.0,-0.37155793242392077,0,0,1,0
2013-06-05,001290,골든브릿지증권,93737067,0.9233218732674249,79582769883.0,0.9098248776655482,0,1,0,0
2014-01-17,001290,골든브릿지증권,63737067,-0.3200441507306816,63418381665.0,-0.20311416958424988,0,0,1,0
2018-02-19,001290,골든브릿지증권,50693589,-0.20464509294097266,113300171415.0,0.28812914295429426,0,0,1,0
2019-04-08,001290,골든브릿지증권,96108437,0.8958696532612831,262856575195.0,0.8719146215413753,0,1,0,0
2012-05-10,001340,백광산업,29771290,9.0,117447739050.0,-0.11148648648648651,1,0,0,0
2007-08-13,001380,충남방적,12845375,1.797327405364571,30379311875.0,1.797327405364571,1,0,0,1
2007-11-21,001380,충남방적,12845375,0.0,69750386250.0,1.295983086680761,0,0,0,1
2010-05-13,001380,SG충남방적,41747470,9.0,74936708650.0,-0.024456521739130488,1,0,0,0
2005-02-16,001385,충남방적(1우),33,0.0,24651000.0,1.5025125628140703,0,0,0,1
2007-11-22,001385,충남방적(1우B),33,0.0,56694000.0,1.2998661311914326,0,0,0,1
2010-05-13,001385,SG충남방적우,110,9.0,60170000.0,0.0007317965605562193,1,0,0,0
2023-08-25,001390,KG케미칼,68469040,4.0,579932768800.0,-0.07228915662650603,1,0,0,0
2009-07-22,001420,태원물산,7260000,9.0,15064500000.0,-0.04816513761467889,1,0,0,0
2010-10-18,001440,대한전선,131196713,0.9819218667247118,872458141450.0,1.0183430955159776,0,1,0,1
2012-12-20,001440,대한전선,105136685,3.1825994557357102,445253860975.0,3.2631308531987324,1,0,0,1
2015-10-20,001440,대한전선,839089231,23.133097191594487,5034535386000.0,23.133097191594487,1,0,0,1
2024-04-16,001460,BYC,6246150,9.0,264836760000.0,-0.13381001021450456,1,0,0,0
2024-04-16,001465,BYC우,2153850,9.0,36830835000.0,-0.14027149321266963,1,0,0,0
2016-05-12,001470,삼부토건,6228585,-0.2924223024174323,197446144500.0,11.392382880313479,0,0,1,1
2016-12-22,001470,삼부토건,9758395,0.5667113798719934,46157208350.0,0.4361520982159939,0,1,0,0
2017-10-30,001470,삼부토건,18431799,0.8834353163913591,167545052910.0,0.8349868195066938,0,1,0,0
2019-04-30,001470,삼부토건,124015655,4.0,121039279280.0,0.04162219850586979,1,0,0,0
2009-07-10,001500,HMC투자증권,29337111,0.8524281985521223,815571685800.0,0.8006120251660489,0,1,0,0
2025-03-19,001500,현대차증권,61833044,0.9497965506539647,357394994320.0,0.9430731142723994,0,1,0,0
2011-03-25,001520,동양메이저,195577232,1.5900562442686184,411690073360.0,1.2028559168426027,1,0,0,1
2014-06-19,001520,동양,234438638,-0.042888937234627944,282498558790.0,3.0753315570044997,0,0,0,1
2022-04-18,001530,DI동일,25568270,9.0,708241079000.0,-0.026362038664323406,1,0,0,0
2024-12-16,001530,DI동일,21433322,-0.149999968273699,1084526093200.0,-0.13286287085986226,0,0,1,0
2012-12-27,001550,조비,2556765,0.6319783540333421,30936856500.0,0.6664082771142144,0,1,0,0
2013-05-16,001550,조비,3926628,0.5357797842195118,48690187200.0,0.5174238505435813,0,1,0,0
2008-02-28,001560,제일연마,10000000,1.0,55200000000.0,-0.023008849557522137,0,1,0,0
2007-09-17,001600,서광건설,9393639,0.5890075493446065,83039768760.0,0.5368519405039738,0,1,0,0
2009-12-03,001600,서광건설,6795730,-0.36189142295791044,3635715550.0,-0.08963176341995216,0,0,1,0
2007-05-02,001620,동국실업,26334520,9.0,31074733600.0,-0.1026615969581749,1,0,0,0
2017-12-21,001620,동국실업,53312072,0.812591510043903,54911434160.0,0.8214334198489952,0,1,0,0
2005-08-04,001680,대상,25330146,-0.4,254567967300.0,-0.25,0,0,1,0
2005-08-04,001685,대상(1우),1370223,-0.4,10372588110.0,-0.4101298701298701,0,0,1,0
2005-08-04,001687,대상(2우B),994279,-0.4000001206904459,6969895790.0,-0.3417841699593155,0,0,1,0
2024-04-25,001720,신영증권,16440000,0.7425347648404819,1126140000000.0,0.732418452707881,0,1,0,0
2008-05-08,001780,동양강철,45841620,1.0,119875836300.0,0.013565891472868241,0,1,0,0
2011-05-04,001790,대한제당,7508720,1.0,175704048000.0,0.06363636363636371,0,1,0,0
2021-04-13,001790,대한제당,44848290,4.0,326944034100.0,0.0,1,0,0,0
2021-05-24,001790,대한제당,89696580,1.0,300035060100.0,0.9851632047477745,0,1,0,0
2011-05-04,001795,대한제당우,540230,1.0,5402300000.0,0.06382978723404253,0,1,0,0
2021-04-13,001795,대한제당우,3241380,4.0,21976556400.0,-0.010218978102189746,1,0,0,0
2021-05-24,001795,대한제당우,6482760,1.0,30274489200.0,0.9178644763860369,0,1,0,0
2011-05-04,001799,대한제당3우B,108046,1.0,2063678600.0,0.14714714714714705,0,1,0,0
2017-07-06,001800,오리온홀딩스,20550849,2.4203330817425837,676122932100.0,-0.8589862676825426,1,0,0,0
2017-12-06,001800,오리온홀딩스,62644053,2.0482464739048005,1779091105200.0,2.0322311684377,1,0,0,1
2006-01-04,001830,동부아남반도체,132047245,-0.375000035498656,584309059125.0,0.41464186338539477,0,0,1,0
2006-04-05,001830,동부아남반도체,265677465,1.0119879441634696,553937514525.0,1.097497431790417,1,0,0,1
2006-01-04,001835,동부아남반도체(1우),1379915,-0.38403251437346,4760706750.0,0.2763290242712091,0,0,1,0
2006-01-04,001837,동부아남반도체(2우B),203060,-0.3957195062433787,2071212000.0,0.6794716720211273,0,0,1,0
2014-01-13,001880,삼호,15179766,1.9305891424438864,111571280100.0,2.1307892728143263,1,0,0,1
2018-05-03,001940,KISCO홀딩스,18476380,4.0,266059872000.0,0.012658227848101333,1,0,0,0
2022-04-18,001940,KISCO홀딩스,16176380,-0.12448325916656833,287130745000.0,-0.12694257585430269,0,0,1,0
2025-01-15,001940,KISCO홀딩스,14176380,-0.12363705600387731,264247723200.0,-0.14474317926242264,0,0,1,0
2005-08-29,001950,남한제지,6292764,1.467750588235294,41721025320.0,1.4492794011976047,1,0,0,1
2007-10-31,001950,남한제지,68927640,9.0,34808458200.0,-0.08181818181818179,1,0,0,0
2007-10-31,001955,남한제지(1우B),5500000,9.0,1650000000.0,-0.05660377358490565,1,0,0,0
2009-05-07,001970,신성건설,9099552,0.0,10919462400.0,2.2432432432432434,0,0,0,1
2009-05-07,001975,신성건설우,658035,0.0,388240650.0,1.744186046511628,0,0,0,1
2010-07-13,002020,코오롱,11615700,0.7858658352090329,401322435000.0,0.9251689424796283,0,1,0,0
2014-11-26,002030,아세아,2191024,0.5182548921780588,328653600000.0,0.5082002240179391,0,1,0,0
2010-05-13,002070,남영비비안,6867945,4.0,58995647550.0,-0.08128342245989306,1,0,0,0
2020-02-05,002070,남영비비안,68679450,9.0,105422955750.0,-0.061162079510703404,1,0,0,0
2020-10-08,002070,비비안,26735890,0.9464257503518156,95580806750.0,0.9248885359634138,0,1,0,0
2005-04-27,002100,경농,10845875,4.0,28633110000.0,-0.014925373134328401,1,0,0,0
2007-05-02,002100,경농,21691750,1.0,83296320000.0,0.011857707509881354,0,1,0,0
2013-05-14,002140,고려산업,24939425,4.0,34790497875.0,0.14909390444810544,1,0,0,0
2013-02-25,002150,도화엔지니어링,33720000,1.0,242784000000.0,0.9972260748959778,0,1,0,0
2023-04-14,002200,한국수출포장,40000000,9.0,144600000000.0,0.026988636363636465,1,0,0,0
2009-01-02,002210,동성제약,21128165,4.0,23874826450.0,-0.05990016638935103,1,0,0,0
2019-04-23,002220,한일철강,22322330,9.0,51229747350.0,0.029147982062780242,1,0,0,0
2014-12-26,002250,근화제약,11857922,1.4249398669035043,164825115800.0,1.4425118949245443,1,0,0,1
2017-10-27,002270,롯데푸드,1131870,-0.17347725633034328,707418750000.0,-0.1503672454053694,0,0,1,0
2024-04-18,002310,아세아제지,44782510,4.0,382442635400.0,-0.05005561735261399,1,0,0,0
2008-03-21,002350,넥센타이어,94920260,9.0,303744832000.0,0.022364217252396124,1,0,0,0
2008-03-21,002355,넥센타이어(1우B),6500000,9.0,8807500000.0,0.0037037037037037646,1,0,0,0
2008-05-16,002360,SH에너지화학,93133730,9.0,97324747850.0,0.15088105726872247,1,0,0,0
2008-05-16,002365,SH에너지화학(1우B),6220,9.0,418606000.0,0.1484641638225257,1,0,0,0
2014-07-07,002365,SH에너지화학우,6220,0.0,192820000.0,1.019543973941368,0,0,0,1
2020-01-20,002380,KCC,8886471,-0.15820015567640566,2114980098000.0,-0.14197703233826353,0,0,1,0
2009-12-21,002410,범양건영,11392358,0.5005032692083276,74506021320.0,0.5238030094134258,0,1,0,0
2012-12-04,002410,범양건영,1002655,-0.9120996065651837,37900359000.0,5.328828327306768,0,0,0,1
2014-01-20,002410,범양건영,319757,-0.6904983375841491,193133228000.0,3.945476298919944,0,0,0,1
2014-02-13,002410,범양건영,2619757,7.192962155636938,1582333228000.0,7.192962155636938,1,0,0,1
2017-12-05,002410,범양건영,23769595,4.0,54313524575.0,-0.04791666666666672,1,0,0,0
2021-04-20,002420,세기상사,4075920,9.0,25107667200.0,0.0,1,0,0,0
2021-12-21,002420,세기상사,4075920,0.0,65418516000.0,1.6055194805194803,0,0,0,1
2022-07-20,002460,화성산업,10150000,-0.1847913387091592,180162500000.0,-0.20712582258014123,0,0,1,0
2005-07-13,002530,벽산건설,27411840,-0.22139374344240104,196542892800.0,-0.22463793617805772,0,0,1,0
2013-01-09,002530,벽산건설,11492086,1.0961901864303893,213752799600.0,29.341741219926256,1,0,0,1
2008-09-04,002540,메이드,89666832,2.4256972974889406,43488413520.0,2.2900261173903687,1,0,0,1
2006-04-26,002620,제일약품,14850000,9.0,103950000000.0,-0.07651715039577833,1,0,0,0
2018-11-29,002620,제일파마홀딩스,15973355,2.675832302191666,498368676000.0,2.9683725892173003,1,0,0,1
2008-05-16,002630,오리엔트바이오,78926878,0.613159907730062,65509308740.0,0.6035002675640138,0,1,0,0
2015-07-06,002630,오리엔트바이오,155299535,0.5483574774299802,139614281965.0,0.4031989639209195,0,1,0,0
2005-06-23,002700,신일산업,9680000,3.0,17327200000.0,2.768421052631579,1,0,0,1
2006-08-03,002700,신일산업,26600330,0.6765479876600036,22078273900.0,0.5903255197232034,0,1,0,0
2009-05-08,002710,동양석판,14500000,4.0,67280000000.0,0.08920187793427226,1,0,0,0
2006-07-03,002720,국제약품,12587400,4.0,32286681000.0,0.05991735537190079,1,0,0,0
2008-02-12,002760,보락,11500000,4.0,17250000000.0,-0.03474903474903479,1,0,0,0
2017-05-10,002760,보락,59900000,4.0,74875000000.0,-0.0515933232169955,1,0,0,0
2008-02-22,002780,진흥기업,135594011,0.7795422140690391,359324129150.0,0.711719371064593,0,1,0,0
2009-04-28,002780,진흥기업,285594011,1.1062435493555833,339856873090.0,1.1422477125924306,1,0,0,1
2010-08-10,002780,진흥기업,605594011,1.1204716754371997,290685125280.0,1.0771967432854201,1,0,0,1
2012-04-10,002780,진흥기업,449125799,15.303556711900537,1032989337700.0,15.303556711900537,1,0,0,1
2006-12-27,002790,태평양,7979098,1.2363563338780983,1356446660000.0,1.2232782266624365,1,0,0,1
2015-05-07,002790,아모레G,79790980,9.0,12287810920000.0,-0.05521472392638038,1,0,0,0
2015-05-07,002795,아모레G우,6443770,9.0,453641408000.0,-0.03429355281207136,1,0,0,0
2011-05-12,002820,선창산업,10000000,4.0,65700000000.0,-0.047826086956521685,1,0,0,0
2005-05-27,002840,미원상사,2264800,0.8873333333333333,64546800000.0,0.9006713780918727,0,1,0,0
2009-03-02,002840,미원상사,1300000,-0.35,47450000000.0,-0.35878378378378384,0,0,1,0
2011-02-15,002840,미원상사,851123,-0.35,89367915000.0,-0.45399999999999996,0,0,1,0
2019-04-17,002840,미원상사,5034823,5.497048803778357,220525247400.0,5.274988701333893,1,0,0,1
2017-05-10,002870,신풍제지,34958700,9.0,44921929500.0,-0.12585034013605445,1,0,0,0
2006-06-21,002880,대유디엠씨,32425505,0.5974219071142077,33722525200.0,0.47672780746557875,0,1,0,0
2016-04-29,002900,동양물산,65388900,9.0,90563626500.0,-0.0735785953177257,1,0,0,0
2019-11-12,002900,동양물산,115388900,0.7646557749098088,106619343600.0,0.9205440942481311,0,1,0,0
2005-04-18,002920,유성기업,25200380,9.0,69301045000.0,-0.03169014084507038,1,0,0,0
2010-04-29,002990,금호산업,486291954,9.001348013983856,1850340884970.0,9.659700054120048,1,0,0,1
2018-10-04,003030,세아제강지주,3163700,-0.4727166666666667,177167200000.0,-0.5689362530413625,0,0,1,0
2009-05-27,003060,한국슈넬제약,6105371,-0.9000000098274117,24574118275.0,1.2999997739695321,0,0,0,1
2010-05-20,003060,슈넬생명과학,15759134,0.5984298418096357,17807821420.0,0.6127015368257931,0,1,0,0
2012-07-20,003060,슈넬생명과학,108139169,1.041923673802018,95595025396.0,1.0512051450465725,1,0,0,1
2015-08-13,003060,슈넬생명과학,80389947,-0.5,634276681830.0,0.5470588235294118,0,0,1,0
2019-08-13,003060,에이프로젠제약,214884566,0.9899999994443529,170188576272.0,1.0077452223693344,0,1,0,1
2020-07-20,003060,에이프로젠제약,398575766,0.6493358052749745,607828043150.0,0.6547612520028525,0,1,0,0
2024-07-10,003060,에이프로젠바이오로직스,132328549,0.9876472967490066,162896443819.0,0.8763756305966466,0,1,0,0
2012-01-11,003070,코오롱글로벌,82184720,1.9793848775500726,429004238400.0,1.9851034665664837,1,0,0,1
2017-07-31,003070,코오롱글로벌,25210438,0.5214426139438728,320172562600.0,0.5214426139438728,0,1,0,0
2023-01-30,003070,코오롱글로벌,18932713,-0.2490129286924725,321098812480.0,-0.32070716109996444,0,0,1,0
2022-12-22,003075,코오롱글로벌우,986349,2.1532593996860645,34620849900.0,2.4533355672068913,1,0,0,1
2023-01-30,003075,코오롱글로벌우,740737,-0.24901125260937051,18851756650.0,-0.4749268235963868,0,0,1,0
2005-07-04,003079,코오롱건설(3우B),1410060,-0.1155006617780816,10222935000.0,-0.10935830526265167,0,0,1,0
2005-11-11,003079,코오롱건설(3우B),837390,-0.14105917469304863,14026282500.0,-0.14615674635659137,0,0,1,0
2006-01-26,003079,코오롱건설(3우B),443150,-0.31615820255235094,5295642500.0,-0.2924753697403112,0,0,1,0
2006-02-08,003079,코오롱건설(3우B),269230,-0.3924630486291324,3096145000.0,-0.4273217261668051,0,0,1,0
2006-02-16,003079,코오롱건설(3우B),147270,-0.4529955799873714,1575789000.0,-0.43175268988979354,0,0,1,0
2006-03-14,003079,코오롱건설(3우B),102660,-0.30291301690772054,1185723000.0,-0.30291301690772054,0,0,1,0
2006-04-14,003079,코오롱건설(3우B),38480,-0.1921058156623976,500240000.0,-0.1921058156623976,0,0,1,0
2016-05-12,003080,성보화학,20020000,9.0,128128000000.0,-0.04477611940298509,1,0,0,0
2009-04-20,003090,대웅,11383011,0.8074221577071563,264085855200.0,0.7843486833534479,0,1,0,0
2017-05-17,003090,대웅,58141980,4.0,726774750000.0,-0.027993779160186638,1,0,0,0
2023-04-14,003120,일성신약,13300000,4.0,379715000000.0,-0.08376123234916555,1,0,0,0
2022-12-28,003160,디아이,28300000,-0.1014955970903062,134283500000.0,-0.1325730637219742,0,0,1,0
2005-03-29,003190,드림랜드,99607959,5.611352497643733,16933353030.0,4.619649622997173,1,0,0,1
2005-09-09,003190,알앤엘바이오,55140740,-0.4464223486398311,187478516000.0,1.023832273789865,0,0,1,1
2008-03-05,003190,알앤엘바이오,47742045,0.8546329555402454,60154976700.0,0.8620219314587325,0,1,0,0
2023-04-13,003200,일신방직,23280000,9.0,304269600000.0,0.0,1,0,0,0
2008-01-07,003220,대원제약,11889290,1.0,66104452400.0,-0.02882096069869,0,1,0,0
2006-04-25,003280,흥아해운,23713430,9.0,56675097700.0,-0.11481481481481481,1,0,0,0
2009-07-07,003280,흥아해운,70713430,1.9819992299722142,58338579750.0,2.018588177579235,1,0,0,1
2021-07-09,003280,흥아해운,239125028,8.154344196640306,247494403980.0,8.154344196640306,1,0,0,1
2018-11-14,003300,한일홀딩스,6269978,0.8439251569621065,395635611800.0,0.7983257713185303,0,1,0,0
2020-12-11,003300,한일홀딩스,28815780,4.0,311210424000.0,-0.060869565217391286,1,0,0,0
2018-07-10,003410,쌍용양회,503859595,4.0,2871999691500.0,0.06542056074766345,1,0,0,0
2024-05-09,003410,쌍용C&E,443786866,-0.11010715028048856,3110945930660.0,-0.1088358747808893,0,0,1,0
2018-07-10,003415,쌍용양회우,1543685,4.0,10574242250.0,-0.05906593406593408,1,0,0,0
2009-03-23,00341A,쌍용양회4우B,1250000,0.0,77625000000.0,7.391891891891891,0,0,0,1
2020-04-13,003460,유화증권,56702415,4.0,128714482050.0,0.031818181818181746,1,0,0,0
2020-04-13,003465,유화증권우,17476425,4.0,44040591000.0,0.020242914979757165,1,0,0,0
2014-06-24,003470,동양증권,196214395,0.5724093387402722,451293108500.0,0.5521637249367495,0,1,0,0
2007-12-18,003480,한진중공업홀딩스,29529812,0.6866154814923757,1237299122800.0,0.8695552559399615,0,1,0,0
2013-09-13,003490,대한항공,58675438,-0.19459679579161404,2147521030800.0,0.04531054163216042,0,0,1,0
2020-07-28,003490,대한항공,174209713,0.8367903976518061,3048669977500.0,0.7957448021735534,0,1,0,0
2021-03-23,003490,대한항공,347820825,0.9965639057105846,9304207068750.0,0.9563400907603714,0,1,0,0
2013-09-13,003495,대한항공우,1110794,-0.19459648761544024,13773845600.0,-0.17462780549020318,0,0,1,0
2010-08-04,003520,영진약품,177620000,0.5015304164057812,145648400000.0,0.46577969220564364,0,1,0,0
2008-04-04,003530,한화증권,63355651,0.6960124988853762,823623463000.0,0.8450345176158904,0,1,0,0
2016-10-06,003530,한화투자증권,172442511,1.0687560942928753,400928838075.0,1.0643167035325902,1,0,0,1
2005-01-12,003560,IHQ,26433713,0.99809523535964,39518400935.0,0.9782466071938156,0,1,0,0
2015-03-30,003560,IHQ,143170804,2.2205884175675825,454567302700.0,2.23587602081553,1,0,0,1
2017-09-07,003580,동원,19181100,9.0,85931328000.0,-0.056842105263157916,1,0,0,0
2019-01-28,003610,방림,42314090,9.0,101765386450.0,-0.08030592734225617,1,0,0,0
2010-02-12,003620,쌍용차,36120556,-0.7010002100913029,614049452000.0,1.033198571379141,0,0,0,1
2011-02-23,003620,쌍용차,121961841,2.337507279821023,1225716502050.0,2.3209849665545823,1,0,0,1
2022-10-14,003620,쌍용차,118164186,-0.21139759461562202,1035118269360.0,1.4939195202769495,0,0,1,1
2011-05-04,003720,삼영화학,34000000,9.0,149260000000.0,0.1492146596858639,1,0,0,0
2005-06-28,003780,진양,27030000,4.0,27570600000.0,0.1512415349887133,1,0,0,0
2009-04-30,003780,진양산업,10000000,0.6666666666666667,10550000000.0,0.6666666666666667,0,1,0,0
2010-04-29,003850,보령제약,6340000,1.0,102074000000.0,-0.030120481927710885,0,1,0,0
2018-04-27,003850,보령제약,44200000,4.0,534820000000.0,0.006655574043261225,1,0,0,0
2024-11-20,003920,남양유업,6797310,9.0,460177887000.0,-0.01455604075691408,1,0,0,0
2024-11-20,003925,남양유업우,2000000,9.0,76200000000.0,-0.04630788485607007,1,0,0,0
2013-03-22,003940,삼양제넥스,1905907,-0.361701279707373,148660746000.0,-0.27739767514042224,0,0,1,0
2013-03-22,003945,삼양제넥우,171687,-0.3617037887997858,6498352950.0,-0.19468294686906318,0,0,1,0
2019-06-25,003960,사조대림,9164467,0.5375139143455119,190162690250.0,0.45345848394849075,0,1,0,0
2006-09-14,003990,비에이치케이,33334001,2.6936572679746384,106335463190.0,2.1420711159570924,1,0,0,1
2010-05-14,004060,SG세계물산,202424960,9.0,74897235200.0,-0.07151819322459219,1,0,0,0
2021-04-14,004090,한국석유,6552000,9.0,123832800000.0,-0.32740213523131667,1,0,0,0
2021-05-06,004090,한국석유,12694120,0.9374420024420025,227224748000.0,0.7296863762449797,0,1,0,0
2015-05-15,004100,태양금속,36700000,9.0,65509500000.0,0.11912225705329149,1,0,0,0
2015-05-15,004105,태양금속우,3300000,9.0,3300000000.0,0.08459869848156187,1,0,0,0
2008-05-09,004140,동방,21523970,4.0,126776183300.0,0.09074074074074079,1,0,0,0
2016-11-21,004140,동방,32523970,0.5110581365798224,64885320150.0,0.5186705201394184,0,1,0,0
2008-05-09,004147,동방(2우B),834720,4.0,4916500800.0,0.09074074074074079,1,0,0,0
2008-05-09,004149,동방(3우B),1436780,4.0,8462634200.0,0.09074074074074079,1,0,0,0
2015-01-23,004150,한솔홀딩스,27087961,-0.37906498348289386,194220680370.0,-0.5819620593025681,0,0,1,0
2020-05-21,004150,한솔홀딩스,42008577,-0.10967991707471558,135687703710.0,-0.04142204405044381,0,0,1,0
2011-02-25,004170,신세계,37721000,1.0,9430250000000.0,0.9305019305019304,0,1,0,0
2009-06-29,004200,고려개발,20000000,0.6666666666666667,107600000000.0,0.6666666666666667,0,1,0,0
2016-03-18,004200,고려개발,21550000,1.6232501521606815,193950000000.0,1.6232501521606815,1,0,0,1
2007-05-16,004230,세신,19137297,1.0944155585617934,33777329205.0,1.1492113144543987,1,0,0,1
2009-04-29,004230,세신,23227843,0.0,696835290.0,5.0,0,0,0,1
2009-04-17,004250,내쇼날푸라스,36720000,9.0,42595200000.0,0.14851485148514842,1,0,0,0
2009-04-17,004255,내쇼날푸우,5280000,9.0,6679200000.0,0.1499999999999999,1,0,0,0
2015-05-21,004270,남성,36212160,9.0,52507632000.0,-0.07643312101910826,1,0,0,0
2008-03-28,004310,현대약품,28000000,9.0,128800000000.0,0.015452538631346657,1,0,0,0
2005-04-12,004367,세방기업(2우B),2508690,0.7,7450809300.0,0.7115254237288136,0,1,0,0
2005-04-19,004380,삼익LMS,21000000,1.0,72030000000.0,-0.012949640287769792,0,1,0,0
2010-02-12,004410,서울식품,13216400,1.0859842703616427,39517036000.0,0.1994409554579446,1,0,0,0
2017-10-24,004410,서울식품,337410000,24.0,119105730000.0,0.26251788268955645,1,0,0,0
2010-02-12,004415,서울식품우,88980,1.0,629978400.0,0.0007067137809186885,0,1,0,0
2017-10-24,004415,서울식품우,2224500,24.0,13925370000.0,0.29875518672199175,1,0,0,0
2009-09-01,004450,삼화왕관,2137679,-0.4356044994726149,49807920700.0,-0.37823096159394454,0,0,1,0
2007-04-27,004530,SY,25162170,9.0,44033797500.0,0.054216867469879526,1,0,0,0
2009-04-15,004540,대한펄프,24279790,1.9324161603132448,152962677000.0,1.8421879707651447,1,0,0,1
2012-05-14,004550,대우송도개발,46135450,0.05630430535452802,274505927500.0,4.281521526772639,0,0,0,1
2012-06-14,004555,대우송도개발1우,143386,0.0,544866800.0,1.1714285714285713,0,0,0,1
2005-05-09,004620,캠브리지,2733204,-0.11756923158382082,32525127600.0,-0.07480826923766237,0,0,1,0
2009-11-16,004620,캠브리지코오롱,4867732,0.7809618308768755,46730227200.0,0.7131496569557121,0,1,0,0
2006-03-10,004720,수도약품,68136000,9.0,219397920000.0,0.1499999999999999,1,0,0,0
2009-12-30,004720,우리들제약,58494864,-0.42000000118984804,36266815680.0,-0.44248062129876864,0,0,1,0
2012-08-14,004740,보루네오,32046303,2.3333332986612807,54638946615.0,-0.030147905423637544,1,0,0,0
2014-01-16,004740,보루네오,22543639,-0.2968948384037673,45087278000.0,1.4037783302435307,0,0,1,1
2015-07-30,004740,보루네오,39986091,0.7025434756256372,49582752840.0,0.6623259132092836,0,1,0,0
2017-04-11,004740,보루네오,71925448,0.7987616744032318,69695759112.0,0.07925700464193919,0,1,0,0
2007-05-09,004770,써니전자,18800000,9.0,81686000000.0,0.14947089947089953,1,0,0,0
2019-01-03,004800,효성,21071025,0.5274225704379749,996659482500.0,0.4911679583429558,0,1,0,0
2024-07-29,004800,효성,16740407,-0.18205150956688188,845390553500.0,-0.29989154632419546,0,0,1,0
2007-01-30,004820,디지털월드,8246332,2.1716661538461537,41643976600.0,1.696450181300181,1,0,0,1
2008-07-29,004820,디지털월드,4523166,-0.5,16667866710.0,0.17356687898089174,0,0,1,0
2008-12-24,004820,조인에너지,13562765,0.9857635431918008,52623528200.0,0.9505727968567563,0,1,0,0
2012-10-19,004840,DRB동일,12298274,-0.46529243478260873,70838058240.0,-0.6554904277793989,0,0,1,0
2009-12-28,004870,베스텍,15477978,0.9899745152274795,21823948980.0,1.018607242065285,0,1,0,1
2012-07-25,004870,아인스,10216255,1.3053691691648774,25540637500.0,1.5222857430687937,1,0,0,1
2017-03-22,004870,티웨이홀딩스,65095025,2.99990617014554,165992313750.0,2.856242243429538,1,0,0,1
2012-10-17,004920,삼영홀딩스,16000000,9.0,26640000000.0,0.14827586206896548,1,0,0,0
2021-05-11,004920,씨아이테크,39951719,0.593557589690497,65121301970.0,0.6866875786983833,0,1,0,0
2016-05-16,004990,롯데제과,14214000,9.0,3695640000000.0,0.04083266613290637,1,0,0,0
2017-10-27,004990,롯데지주,73683000,4.183832840861123,5187283200000.0,1.1984447710639943,1,0,0,1
2018-04-12,004990,롯데지주,113635914,0.5422270265868654,7238607721800.0,0.5618419967183359,0,1,0,0
2019-01-11,004990,롯데지주,104909237,-0.10000322820749541,5350371087000.0,-0.09645993383035956,0,0,1,0
2022-05-10,00499K,롯데지주우,805603,-0.184301094648464,39917628650.0,-0.1964636031775625,0,0,1,0
2022-07-12,005010,휴스틸,39188075,4.0,166353378375.0,-0.03302961275626426,1,0,0,0
2006-05-03,005030,부산주공,7200000,9.0,20952000000.0,-0.026755852842809347,1,0,0,0
2011-08-23,005030,부산주공,13120400,0.8222777777777779,20795834000.0,0.8338477954144621,0,1,0,0
2015-12-28,005030,부산주공,22600000,0.6201580930194412,31414000000.0,0.6201580930194412,0,1,0,0
2020-11-18,005090,에스지씨에너지,14677004,2.023432263146684,539379897000.0,1.7882342702795646,1,0,0,1
2005-10-20,005110,한창,20943634,0.9863771826677594,28588060410.0,1.1349644522373952,0,1,0,1
2020-10-06,005110,한창,66790269,0.919797429562847,77476712040.0,0.9449476142296092,0,1,0,0
2011-05-12,005190,동성화학,3717920,4.0,18924212800.0,0.1489841986455982,1,0,0,0
2011-05-04,005250,녹십자홀딩스,47028210,9.0,681909045000.0,0.043165467625899234,1,0,0,0
2011-05-04,005255,녹십자홀딩스1우,1668870,9.0,24365502000.0,0.14960629921259838,1,0,0,0
2011-05-04,005257,녹십자홀딩스2우,845990,9.0,12647550500.0,0.1499999999999999,1,0,0,0
2017-10-27,005300,롯데칠성,799346,-0.35390877649019603,1039149800000.0,-0.3796760778709415,0,0,1,0
2019-05-02,005300,롯데칠성,7993460,9.0,1322917630000.0,-0.043905257076834237,1,0,0,0
2017-10-27,005305,롯데칠성우,77531,-0.3539083333333334,48611937000.0,-0.47796459407216496,0,0,1,0
2019-05-02,005305,롯데칠성우,775310,9.0,60629242000.0,-0.01635220125786163,1,0,0,0
2006-08-03,005320,국동,9872000,4.0,19941440000.0,0.1477272727272727,1,0,0,0
2017-06-01,005320,국동,12144815,0.9650392431352828,63274486150.0,0.9029469250436475,0,1,0,0
2019-07-04,005320,국동,27547495,0.9610254354957948,49723228475.0,0.999802774615768,0,1,0,0
2005-09-23,005350,봉신,19936060,9.0,34489383800.0,0.1495016611295681,1,0,0,0
2006-06-30,005350,봉신,69706380,2.4964973018740917,114666995100.0,2.5178826064727096,1,0,0,1
2009-05-08,005360,모나미,13776640,4.0,28999827200.0,0.07397959183673475,1,0,0,0
2009-11-16,005390,신성통상,143708390,9.0,79758156450.0,-0.08866995073891626,1,0,0,0
2019-12-23,005420,코스모화학,26110825,0.6207006779603155,148309486000.0,0.6586630361828094,0,1,0,0
2010-05-13,005440,현대H&S,56739310,9.0,541860410500.0,-0.004171011470281538,1,0,0,0
2010-07-16,005440,현대그린푸드,90104649,0.588046259286551,905551722450.0,0.542015932930419,0,1,0,0
2023-04-07,005440,현대지에프홀딩스,63823568,-0.34676929150496905,276036931600.0,-0.610314094587447,0,0,1,0
2023-09-15,005440,현대지에프홀딩스,162399732,1.5445103915218277,590323025820.0,1.5202439436462791,1,0,0,1
2008-04-30,005500,삼진제약,12750000,4.0,153000000000.0,0.030927835051546282,1,0,0,0
2008-07-25,005690,유화,2907301,1.2025007575757574,36777357650.0,1.0638247839506172,1,0,0,1
2009-08-14,005690,로이,1907518,0.5493991718204516,256561171000.0,0.7811469111953055,0,1,0,0
2011-12-19,005690,파미셀,33261722,9.028701223793988,352574253200.0,0.15172516762964539,1,0,0,0
2012-03-16,005720,넥센,5088017,0.8999742339260774,318509864200.0,0.8939233605696251,0,1,0,0
2016-05-19,005720,넥센,50880170,9.0,415182187200.0,0.00990099009900991,1,0,0,0
2016-05-19,005725,넥센우,3600600,9.0,17300883000.0,-0.024365482233502544,1,0,0,0
2016-05-16,005740,크라운제과,14735240,9.0,947475932000.0,0.2989898989898989,1,0,0,0
2017-04-10,005740,크라운해태홀딩스,9725700,-0.3399700310276589,224177385000.0,-0.5417563016622753,0,0,1,0
2017-11-01,005740,크라운해태홀딩스,14847347,0.5266096013654544,263540409250.0,0.4847846807800995,0,1,0,0
2016-05-16,005745,크라운제우,910150,9.0,28988277500.0,0.30000000000000004,1,0,0,0
2017-04-10,005745,크라운해태홀딩스우,600726,-0.3399703345602373,12104628900.0,-0.403605481676627,0,0,1,0
2007-03-05,005760,ACTS,30495430,4.0,39491581850.0,0.014890282131661436,1,0,0,0
2022-04-15,005800,신영와코루,9000000,9.0,114300000000.0,-0.12714776632302405,1,0,0,0
2007-10-22,005850,에스엘,28265090,0.7972379913219083,259756177100.0,0.7627126083509432,0,1,0,0
2011-11-24,005880,대한해운,13238254,-0.19392585648453442,411047786700.0,2.3371469541540275,0,0,1,1
2013-05-08,005880,대한해운,11158747,-0.5045155645096153,648323200700.0,3.172122565505992,0,0,0,1
2013-11-13,005880,대한해운,23955512,1.0454010411641503,503065752000.0,1.197105977721082,1,0,0,1
2020-10-08,005880,대한해운,244271090,9.0,421367630250.0,-0.046961325966850875,1,0,0,0
2005-07-22,005900,동양건설,2489228,-0.2900000142614495,82144524000.0,-0.09710984472554263,0,0,1,0
2012-04-13,005900,동양건설,8990769,1.24769225,214429840650.0,9.511266698529411,1,0,0,1
2018-05-03,005930,삼성전자,6419324700,49.0,333162951930000.0,-0.02075471698113207,1,0,0,0
2018-05-03,005935,삼성전자우,903629000,49.0,37093970450000.0,-0.034117647058823475,1,0,0,0
2011-12-08,005940,우리투자증권,199253863,0.5036454185929211,2201755186150.0,0.49015980945755855,0,1,0,0
2020-08-13,005950,이수화학,23076742,0.5104556879172666,191998493440.0,0.46639338663613295,0,1,0,0
2023-05-30,005950,이수화학,22450795,-0.1970257097182987,605048925250.0,-0.47855043076887105,0,0,1,0
2015-09-03,005960,동부건설,8310753,-0.8339183467487905,78287293260.0,2.23910801993042,0,0,0,1
2016-11-03,005960,동부건설,20784485,1.4273641313932002,266041408000.0,1.9590724649364728,1,0,0,1
2016-11-03,005965,동부건설우,225732,-0.22398465378189392,6422075400.0,-0.005511864869138905,0,0,1,0
2011-05-16,005980,성지건설,732438,-0.8855565625,37354338000.0,5.632517400568182,0,0,0,1
2011-12-22,005980,성지건설,9632211,12.150889222022888,162784365900.0,12.112096038477098,1,0,0,1
2016-08-18,005980,성지건설,97481640,9.0,263200428000.0,0.042471042471042386,1,0,0,0
2022-11-15,006040,동원산업,9996533,1.718191634256851,2364180054500.0,1.640050601649878,1,0,0,1
2022-11-25,006040,동원산업,49982665,4.0,2404166186500.0,-0.01836734693877551,1,0,0,0
2024-05-13,006040,동원산업,36021895,-0.22504669213781092,1340014494000.0,-0.23329087626400447,0,0,1,0
2009-06-17,006060,화승인더,5532000,0.8440000000000001,53549760000.0,0.9572280701754385,0,1,0,0
2012-05-22,006060,화승인더,55320000,9.0,52277400000.0,-0.14864864864864868,1,0,0,0
2008-03-07,006090,오양수산,4360000,0.5244755244755244,66708000000.0,0.453238350434612,0,1,0,0
2015-07-01,006090,사조오양,9422739,1.1611786697247708,129091524300.0,1.085080829241504,1,0,0,1
2007-05-04,006110,삼아알미늄,1100000,0.5947182930135391,21945000000.0,0.5749816804762429,0,1,0,0
2011-04-26,006110,삼아알미늄,11000000,9.0,46035000000.0,0.14972527472527464,1,0,0,0
2018-04-27,006120,SK디스커버리,19037855,0.7653334023226208,811964515750.0,0.7591464861929855,0,1,0,0
2005-04-26,006200,KEC,80547970,9.0,149013744500.0,-0.008042895442359255,1,0,0,0
2007-09-20,006210,휴리프,80712852,0.7278510847507234,45602761380.0,0.6270597714735979,0,1,0,0
2008-07-03,006210,휴리프,9974267,0.8536580425121951,9774781660.0,0.5796390275321315,0,1,0,0
2010-05-07,006340,대원전선,68070540,9.0,54796784700.0,0.1499999999999999,1,0,0,0
2010-05-07,006345,대원전선우,2621200,9.0,1939688000.0,0.1472868217054264,1,0,0,0
2024-05-23,006380,카프로,168999996,20.1249995,618539985360.0,20.1249995,1,0,0,1
2014-06-26,006390,현대시멘트,8754954,7.6425660708151195,149709713400.0,7.693404694761092,1,0,0,1
2014-07-14,006400,삼성SDI,68764530,0.5093730037272428,11896263690000.0,0.5181484281675175,0,1,0,0
2009-12-24,006440,한일건설,22748390,0.9828991392126836,113969433900.0,0.9908466307526143,0,1,0,0
2011-02-09,006440,한일건설,25332566,1.338556349437428,111589953230.0,1.28918682650486,1,0,0,1
2009-09-03,006490,로엔케이,23379326,1.4116629235643798,45940375590.0,1.7392587542219689,1,0,0,1
2007-07-09,006570,대림통상,15225000,-0.25,86325750000.0,-0.3017241379310345,0,0,1,0
2010-07-13,006650,대한유화,6500000,-0.20731707317073167,382850000000.0,-0.20866060355518812,0,0,1,0
2015-02-24,006740,영풍제지,22200000,9.0,47730000000.0,-0.05701754385964908,1,0,0,0
2023-04-20,006740,영풍제지,19981162,-0.1037828212603723,347072783940.0,-0.08535297328394043,0,0,1,0
2023-05-11,006740,영풍제지,46482148,1.3262985405953867,764166513120.0,1.2338988322072524,1,0,0,1
2011-11-16,006800,대우증권,326700891,0.7185658061960372,3260474892180.0,0.7324532066501466,0,1,0,0
2017-01-19,006800,미래에셋대우,666316408,1.0395304278493689,5790289585520.0,1.034847235133297,1,0,0,1
2012-09-17,006840,AK홀딩스,5696000,-0.36,132147200000.0,-0.5892669432918396,0,0,1,0
2006-05-02,006980,우성사료,30900000,9.0,56083500000.0,-0.12318840579710144,1,0,0,0
2007-02-09,007050,SNG21,1201545,1.0440104995092176,76898880000.0,1.134040325751875,1,0,0,1
2007-08-21,007050,유리이에스,12015450,9.0,60077250000.0,0.14942528735632177,1,0,0,0
2008-09-18,007050,유리이에스,18600000,0.548006941063381,24087000000.0,0.3188611767612357,0,1,0,0
2009-04-08,007050,유리이에스,22791698,0.0,1481460370.0,3.333333333333333,0,0,0,1
2024-12-23,007070,GS리테일,83607415,-0.20159402131757354,1586032662550.0,-0.3457554464101239,0,0,1,0
2005-10-12,007110,일신석재,77456610,9.0,66999967650.0,0.14569536423841067,1,0,0,0
2014-12-16,007120,디올메디바이오,52825604,0.9416817009738512,68937413220.0,0.9416817009738512,0,1,0,0
2017-10-12,007120,미래아이앤지,103587319,0.6290562431166504,50861373629.0,0.6029391089584675,0,1,0,0
2009-03-16,007190,이엔페이퍼,12900687,-0.45659485592063975,27865483920.0,-0.35860376436534536,0,0,1,0
2014-06-27,007190,한솔아트원제지,38478081,0.8129216118713465,63488833650.0,0.8239760119437327,0,1,0,0
2009-03-16,007195,이엔페이퍼우,38587,-0.4565900097170781,655979000.0,-0.2948114629916281,0,0,1,0
2009-07-06,007195,아트원제지우,27011,-0.2999974084536243,528065050.0,-0.03285861026631487,0,0,1,0
2013-05-23,007195,한솔아트원제지우,22505,-0.16682092480841137,231801500.0,0.03394511740642914,0,0,1,0
2012-08-21,007197,아트원제지2우B,1726220,-0.11412750627370283,3599168700.0,-0.0901260347688031,0,0,1,0
2013-05-23,007197,한솔아트원제지2우B,467715,-0.1666681514238525,2048591700.0,0.26079222686132164,0,0,1,0
2005-05-19,007200,진흥저축은행,9000000,0.8,31005000000.0,0.8705882352941177,0,1,0,0
2012-05-10,007210,벽산,68560000,9.0,157002400000.0,-0.03578947368421048,1,0,0,0
2015-05-21,007280,한국특수형강,10000000,9.0,26850000000.0,-0.10050251256281406,1,0,0,0
2016-10-28,007280,한국특수형강,18020878,0.8020878,27391734560.0,0.8020878,0,1,0,0
2019-01-07,007280,한국특수형강,32353490,0.7953337234734068,76354236400.0,0.7690971137357996,0,1,0,0
2020-10-15,007280,한국특수형강,53242476,0.6456486147244085,97433731080.0,0.5767209240553233,0,1,0,0
2024-10-08,007340,DN오토모티브,60564965,5.060129547663824,1162847328000.0,0.1396130001483391,1,0,0,0
2012-06-27,007460,케이아이씨,28709339,0.8275332272096236,27618384118.0,0.8904160909415675,0,1,0,0
2017-12-07,007460,나라케이아이씨,49774786,1.6522457411224383,582364996200.0,1.6866904910071456,1,0,0,1
2019-01-07,007460,에이프로젠 KIC,91901849,0.846353473021461,315682851315.0,0.8932012477100653,0,1,0,0
2022-08-04,007460,에이프로젠,760975567,2.174259573195376,1145268228335.0,2.174259573195376,1,0,0,1
2007-02-05,007480,대한은박지,12270000,9.0,26809950000.0,0.1499999999999999,1,0,0,0
2007-05-04,007480,대한은박지,55215000,2.0,35613675000.0,1.9318181818181817,1,0,0,1
2009-05-19,007480,대한은박지,12395859,0.5682821573613694,16858368240.0,0.579899062230713,0,1,0,0
2012-05-25,007480,대한은박지,61895859,3.9932690425084703,171142050135.0,3.8785826510727635,1,0,0,1
2009-04-24,007490,태창기업,2175004,1.204665570586673,30232555600.0,1.1811282157405518,1,0,0,1
2009-08-18,007490,태창기업,31516850,9.0,72016002250.0,0.14824120603015079,1,0,0,0
2006-07-07,007570,일양약품,14102526,1.0,224935289700.0,0.012698412698412653,0,1,0,0
2006-07-07,007575,일양약품(1우),445080,1.0,3783180000.0,0.0691823899371069,0,1,0,0
2013-12-05,007595,동방아그우,250,0.0,135000000.0,1.3376623376623376,0,0,0,1
2007-08-30,007630,지에스인스트루,20664915,4.0,34923706350.0,0.1512261580381471,1,0,0,0
2021-11-17,007660,이수페타시스,63246419,0.5325629795467224,308010060530.0,0.6050713355682877,0,1,0,0
2021-05-20,007700,F&F홀딩스,7738585,-0.49749448051948053,487530855000.0,-0.8241230681818181,0,0,1,0
2021-09-01,007700,F&F홀딩스,39114367,4.054459826958029,1775792261800.0,3.9615670517598813,1,0,0,1
2006-03-28,007800,솔로몬저축은행,14302040,0.5545695652173912,262442434000.0,0.46665046384262876,0,1,0,0
2015-01-02,007860,서연,22485004,0.8151488575179844,272068548400.0,0.7856342419485862,0,1,0,0
2013-05-21,007980,태평양물산,23970000,9.0,107984850000.0,0.14923469387755106,1,0,0,0
2009-05-04,008000,웅진케미칼,470372180,9.0,564446616000.0,0.14832535885167464,1,0,0,0
2016-05-10,008020,경남에너지,41249008,0.0,1072474208000.0,1.5365853658536586,0,0,0,1
2009-01-06,008040,동아에스에프,62689246,1.9335917895129828,213143436400.0,1.8785604861022054,1,0,0,1
2017-09-18,008040,사조동아원,141144600,1.1654471349946287,235711482000.0,1.1525575687148986,1,0,0,1
2018-12-18,008060,대덕전자,78006972,0.5986247317931892,731705397360.0,0.5427057596934275,0,1,0,0
2005-06-10,008080,삼양옵틱스,6541650,1.0,43371139500.0,0.9586410635155096,0,1,0,0
2006-05-08,008080,삼양옵틱스,13083300,1.0,29960757000.0,-0.023454157782516027,0,1,0,0
2009-07-17,008080,삼양옵틱스,46752223,1.2528778242215304,24544917075.0,1.3655217154326067,1,0,0,1
2013-09-10,008080,에스와이코퍼레이션,100000,0.0,6700000000.0,66999.0,0,0,0,1
2009-10-13,008350,남선알미늄,93181090,9.0,59169992150.0,-0.099290780141844,1,0,0,0
2009-10-13,008355,남선알미우,307890,9.0,1465556400.0,-0.15000000000000002,1,0,0,0
2006-03-28,008400,진도,14674357,-0.29999999522977394,67942272910.0,-0.42021466510086825,0,0,1,0
2006-03-28,008405,진도(1우),3713,-0.2999622926093515,182122650.0,-0.2999622926093515,0,0,1,0
2006-04-17,008490,서흥캅셀,11205480,1.0,111606580800.0,-0.03065693430656935,0,1,0,0
2008-04-29,008540,일경,10818795,2.8669212732952554,75731565000.0,2.9631696798048006,1,0,0,1
2010-02-11,008540,일경,109870459,0.5724880095606644,52188468025.0,0.6237647924811207,0,1,0,0
2011-04-28,008540,케이비물산,11722298,0.7663126245650442,16000936770.0,0.8196352698349323,0,1,0,0
2007-11-06,008560,메리츠증권,53525892,0.5220904896934935,575403339000.0,0.5509452857066404,0,1,0,0
2008-07-08,008560,메리츠증권,270129960,4.0,383584543200.0,-0.14868105515587526,1,0,0,0
2011-05-17,008600,윌비스,60096140,4.0,42187490280.0,-0.0847457627118644,1,0,0,0
2010-05-04,008700,아남전자,77124820,9.0,59386111400.0,0.1509715994020926,1,0,0,0
2010-05-04,008705,아남전자우,27690,9.0,1214206500.0,0.14941022280471827,1,0,0,0
2015-07-03,008705,아남전자우,27690,0.0,3544320000.0,6.314285714285714,0,0,0,1
2008-06-10,008900,티이씨앤코,15670087,-0.3465789700173566,93237017650.0,-0.2594561660196708,0,0,1,0
2009-11-04,008900,티이씨앤코,191422980,10.631670317584257,68912272800.0,0.10194771429745586,1,0,0,0
2015-02-23,008900,티이씨앤코,16242217,2.0983488474437437,21196093185.0,2.0983488474437437,1,0,0,1
2010-10-21,008930,한미홀딩스,9030876,2.7867753305664182,350397988800.0,2.7243823276546775,1,0,0,1
2012-05-14,008930,한미사이언스,49663395,4.0,166124056275.0,-0.11507936507936511,1,0,0,0
2006-12-26,009070,KCTC,3000000,6.5,115350000000.0,6.509765625,1,0,0,1
2014-05-12,009070,KCTC,30000000,9.0,87000000000.0,-0.067524115755627,1,0,0,0
2018-07-16,009160,SIMPAC,65429516,1.249602362736022,229984748740.0,1.1634342831784181,1,0,0,1
2018-11-20,009180,한솔로지스틱스,27477425,0.6675800375362049,38880556375.0,0.6675800375362049,0,1,0,0
2010-06-03,009190,대양금속,54082000,0.5868200222991609,51107490000.0,0.6478515616183593,0,1,0,0
2013-02-06,009190,대양금속,46081188,7.6453213282533365,78338019600.0,8.930436660831536,1,0,0,1
2020-01-21,009190,대양금속,21039932,0.7080732619669226,92575700800.0,0.7683582006245786,0,1,0,0
2011-05-11,009200,무림페이퍼,41609310,1.0,156659052150.0,-0.08948004836759371,0,1,0,0
2008-05-13,009270,신원,63303370,9.0,122492020950.0,0.0078125,1,0,0,0
2008-05-13,009275,신원(1우B),90740,9.0,1565265000.0,0.1499999999999999,1,0,0,0
2005-02-16,009310,참이앤티,10683621,-0.39234117965640347,81302355810.0,2.543512354647333,0,0,1,1
2005-12-14,009320,파츠닉,7836308,-0.15551902556157238,14457988260.0,-0.02924149667358311,0,0,1,0
2006-01-27,009320,파츠닉,46297747,4.908107108602674,68289176825.0,5.072793021037591,1,0,0,1
2006-07-31,009320,대우부품,8314887,2.591919173592491,68514668880.0,2.4177152413859266,1,0,0,1
2008-05-20,009320,대우부품,137350180,9.0,58373826500.0,0.14864864864864868,1,0,0,0
2010-01-19,009320,대우부품,28902287,8.95845242045325,117054262350.0,7.645601779814719,1,0,0,1
2007-05-03,009410,태영건설,76400000,9.0,611200000000.0,-0.017199017199017175,1,0,0,0
2020-09-21,009410,태영건설,38899098,-0.490849502617801,370319412960.0,-0.775596632635253,0,0,1,0
2024-07-22,009410,태영건설,285469756,23.879574546448726,1318870272720.0,23.879574546448726,1,0,0,1
2007-05-03,009415,태영건설(1우B),2557480,9.0,7672440000.0,-0.00990099009900991,1,0,0,0
2020-09-21,009415,태영건설우,1302142,-0.4908495863115254,14844418800.0,-0.8214057010446582,0,0,1,0
2006-05-10,009420,한올제약,30000000,9.0,48300000000.0,-0.11538461538461542,1,0,0,0
2007-02-13,009440,한국코트렐,17000000,9.0,71910000000.0,0.0023696682464455776,1,0,0,0
2010-01-29,009440,KC그린홀딩스,14450000,-0.15000000000000002,98260000000.0,-0.33563218390804594,0,0,1,0
2010-07-09,009440,KC그린홀딩스,22434980,0.5525937716262976,84131175000.0,0.6754609046326951,0,1,0,0
2011-04-29,009450,경동나비엔,12739510,4.0,71213860900.0,-0.0017857142857142794,1,0,0,0
2006-05-12,009460,한창제지,40547340,9.0,26963981100.0,0.01526717557251911,1,0,0,0
2009-06-29,009460,한창제지,38161235,3.7057630660852228,31101406525.0,3.565710593880305,1,0,0,1
2017-05-08,009540,현대중공업,56665426,-0.25440228947368426,10228109393000.0,-0.18436129242424237,0,0,1,0
2006-05-18,009580,동해펄프,20684162,1.1681511530398323,49331726370.0,1.1681511530398323,1,0,0,1
2007-12-10,009580,동해펄프,20684162,0.0,113349207760.0,1.2976939203354299,0,0,0,1
2008-05-30,009580,동해펄프,31184162,0.5076347787258677,389802025000.0,0.5510645871665305,0,1,0,0
2011-05-04,009580,무림P&P,62368324,1.0,436578268000.0,-0.10543130990415339,0,1,0,0
2008-05-09,009680,모토닉,33000000,9.0,278850000000.0,-0.05480984340044748,1,0,0,0
2025-02-24,009680,모토닉,28050000,-0.15000000000000002,256657500000.0,-0.1319754464285714,0,0,1,0
2006-05-09,009690,화진케이디케이,41456300,9.0,28604847000.0,0.1557788944723617,1,0,0,0
2006-08-22,009690,케이엠에이치,14005502,1.7027015239949996,70307620040.0,1.2995867204160843,1,0,0,1
2005-05-12,009810,케이아이티비,16445937,10.373895958122656,21955325895.0,8.671433824263532,1,0,0,1
2007-01-17,009810,케이피앤엘,71597196,1.0,35082626040.0,0.03157894736842115,0,1,0,0
2007-09-11,009810,고려포리머,19059718,1.8196025337151638,34688686760.0,1.8430341337183371,1,0,0,1
2016-10-10,009810,고려포리머,66257536,0.8477994695452582,74871015680.0,0.8726577583732213,0,1,0,0
2021-01-11,009810,엔케이물산,79439210,0.9009502692202125,42499977350.0,0.9824725029879411,0,1,0,0
2005-03-09,009815,케이아이티비(1우),869,0.0,41625100.0,6.725806451612903,0,0,0,1
2007-01-17,009815,케이피앤엘(1우B),1738,1.0,67782000.0,0.14874815905743732,0,1,0,0
2023-03-30,009830,한화솔루션,171892536,-0.10134940050266084,9230629183200.0,0.16003695175497867,0,0,1,0
2023-01-20,009835,한화솔루션우,2865796,1.5502372886182445,103311945800.0,1.4130197967109632,1,0,0,1
2023-03-30,009835,한화솔루션우,2575349,-0.10134950289553057,102756425100.0,-0.05765690316771799,0,0,1,0
2006-05-02,010040,한국내화,11064000,1.0,23234400000.0,-0.04869762174405434,0,1,0,0
2021-04-29,010040,한국내화,41067062,0.7961740286932539,202460615660.0,0.9250299916212483,0,1,0,0
2007-07-10,010050,금호종금,17138129,0.7073031239188099,187662512550.0,0.6995426551737245,0,1,0,0
2008-07-16,010050,금호종금,179902850,9.0,224878562500.0,-0.14675767918088733,1,0,0,0
2013-06-28,010050,금호종금,334516015,5.136105417829971,261591523730.0,4.215689605155476,1,0,0,1
2023-05-26,010060,OCI홀딩스,16412642,-0.31182076038818807,1352401700800.0,-0.5266613577294381,0,0,1,0
2018-05-03,010100,한국프랜지,30450420,4.0,66990924000.0,0.0,1,0,0,0
2016-11-25,010140,삼성중공업,390000000,0.6892229473089002,3416400000000.0,0.7266736310882107,0,1,0,0
2018-05-03,010140,삼성중공업,630000000,0.6153846153846154,4674600000000.0,0.6509853782581054,0,1,0,0
2023-07-06,010145,삼성중공우,114845,0.0,8889003000.0,1.9655172413793105,0,0,0,1
2006-04-26,010420,한솔텔레컴,6469950,9.0,32349750000.0,-0.036608863198458574,1,0,0,0
2008-07-07,010420,한솔텔레컴,16469950,1.545606998508489,24869624500.0,1.4024166048423865,1,0,0,1
2009-12-14,010420,한솔PNS,26048512,0.5815780861508384,46105866240.0,0.5172862940308856,0,1,0,0
2016-09-22,010420,한솔PNS,20493012,-0.25725728577332674,35862771000.0,-0.23088772195462826,0,0,1,0
2016-11-10,010580,지코,41712680,0.5051839085934671,31493073400.0,0.5461412938613164,0,1,0,0
2021-10-15,010580,지코,65497372,0.01417951072035395,100210979160.0,4.07089755360177,0,0,0,1
2022-04-18,010580,에스엠벡셀,111251760,0.6985683028625942,170215192800.0,0.6985683028625942,0,1,0,0
2007-08-24,010600,영창실업,19203130,9.071797061192978,28420632400.0,-0.06543826642221895,1,0,0,0
2018-08-02,010600,웰바이오텍,23165374,0.5190524727925798,220071053000.0,0.7641807446857591,0,1,0,0
2018-12-24,010620,현대미포조선,39942149,0.9971074499999999,2324633071800.0,0.8961118040783034,0,1,0,0
2008-05-08,010640,진양폴리,4000000,9.0,11300000000.0,0.14837398373983746,1,0,0,0
2009-04-30,010640,진양폴리,10000000,0.6666666666666667,8250000000.0,0.6467065868263473,0,1,0,0
2019-05-14,010660,화천기계,22000000,9.0,44440000000.0,-0.10222222222222221,1,0,0,0
2005-10-07,010780,동서산업,7848576,2.0759923638841977,590997772800.0,1.6172002824913005,1,0,0,1
2008-08-08,010780,아이에스동서,17022354,1.1688461703116593,235759602900.0,1.1767043086098896,1,0,0,1
2006-02-15,011000,VGX인터,3793400,4.0,314093520000.0,0.1499999999999999,1,0,0,0
2006-07-12,011000,VGX인터,18967000,4.0,202946900000.0,-0.07599309153713296,1,0,0,0
2020-02-06,011000,진원생명과학,32926157,0.5016839020171204,109150210455.0,0.5340776995953018,0,1,0,0
2008-08-08,011050,케드콤,38213523,3.624362151590793,38213523000.0,3.578576387713656,1,0,0,1
2009-08-06,011050,케드콤,108111873,0.9215269011860492,64326564435.0,0.9712215624236193,0,1,0,0
2008-05-08,011090,에넥스,45474000,9.0,61617270000.0,0.14830508474576276,1,0,0,0
2007-04-27,011160,두산건설,81976597,-0.11003832997568197,1319823211700.0,-0.11003832997568197,0,0,1,0
2009-05-13,011160,두산건설,73275355,-0.11016468497972676,584737332900.0,-0.12117749828443303,0,0,1,0
2010-11-22,011160,두산건설,113445879,0.6657072754569988,754415095350.0,0.6582265541600363,0,1,0,0
2011-07-08,011160,두산건설,173445879,0.5288865539135186,855088183470.0,0.5074821421587292,0,1,0,0
2013-04-29,011160,두산건설,551842310,2.1812520511463913,1357532082600.0,2.2812914238239506,1,0,0,1
2019-05-23,011160,두산건설,324657148,3.4275803118314414,371732434460.0,3.3703271181439654,1,0,0,1
2016-08-04,011200,현대상선,184077336,4.614748554725786,1358490739680.0,4.836175258292437,1,0,0,1
2017-12-26,011200,현대상선,311805827,0.6256327134420165,1549674960190.0,0.697351803740929,0,1,0,0
2010-09-07,011230,삼화전자,11617800,1.0,22073820000.0,0.9537275064267352,0,1,0,0
2018-01-31,011230,삼화전자,10457940,1.1979974526791004,73414738800.0,1.220135556519034,1,0,0,1
2008-05-06,011280,태림포장,70805940,9.0,87799365600.0,0.14814814814814814,1,0,0,0
2010-05-14,011300,성안,56857860,9.0,21605986800.0,-0.085439229843562,1,0,0,0
2006-07-11,011330,유니켐,45965412,0.6693186557117152,70327080360.0,0.5962859645243277,0,1,0,0
2009-05-22,011330,유니켐,76829610,0.6714657099124881,77213758050.0,0.7966021801733161,0,1,0,0
2009-10-09,011330,유니켐,38414805,-0.5,47826432225.0,-0.0040000000000000036,0,0,1,0
2010-05-18,011330,유니켐,80112010,1.0,18826322350.0,0.14634146341463405,0,1,0,0
2013-03-04,011330,유니켐,60120000,0.8385321100917431,30300480000.0,0.8532403669724771,0,1,0,0
2015-07-20,011330,유니켐,41258503,-0.5,73440135340.0,0.0,0,0,1,0
2007-08-14,011400,케이씨오에너지,24535700,9.0,95198516000.0,0.14962962962962956,1,0,0,0
2007-08-28,011400,케이씨오에너지,116124800,3.7328912564141232,472047312000.0,3.580762608886526,1,0,0,1
2006-10-30,011420,IB스포츠,15722424,2.7983227627233256,161940967200.0,2.6734952540892256,1,0,0,1
2008-04-30,011500,한농화성,14400000,9.0,33120000000.0,0.1499999999999999,1,0,0,0
2010-05-10,011690,유양디앤유,37372340,9.0,81284839500.0,0.011627906976744207,1,0,0,0
2021-03-18,011690,유양디앤유,147235637,1.5170980111344714,359254954280.0,4.034196022268943,1,0,0,1
2006-05-09,011700,한신기계,28600000,9.0,26026000000.0,-0.14553990610328638,1,0,0,0
2007-11-30,011720,현대피앤씨,26116130,9.0,90884132400.0,0.14851485148514842,1,0,0,0
2014-04-14,011720,현대피앤씨,25741916,-0.2562859599349405,162174070800.0,18.36115062979287,0,0,1,1
2005-10-12,011760,현대상사,66989406,1.917885047289845,314850208200.0,1.8541227309598898,1,0,0,1
2015-10-22,011760,현대상사,13228966,-0.40756456326840695,433248636500.0,-0.4749049918008208,0,0,1,0
2007-09-11,011800,배명금속,33300000,0.5136363636363637,51615000000.0,0.7378787878787878,0,1,0,0
2014-03-26,011810,STX,268607348,2.070619504430202,1692226292400.0,14.35309752215101,1,0,0,1
2016-12-15,011810,STX,47331670,0.5840739418153658,89456856300.0,0.45334939321895207,0,1,0,0
2017-03-31,011810,STX,178624308,2.7736752800949365,426018974580.0,2.7736752800949365,1,0,0,1
2023-09-14,011810,STX,23657927,-0.2326070108303041,837490615800.0,-0.25060105333497285,0,0,1,0
2008-09-01,011930,신성홀딩스,17629000,-0.5,105774000000.0,-0.4219653179190751,0,0,1,0
2016-12-29,011930,신성솔라에너지,172993713,0.7208886972299648,370206545820.0,0.6663809104398755,0,1,0,0
2010-11-22,012030,동부CNI,9106316,1.276579,257708742800.0,1.1475728566666668,1,0,0,1
2012-06-14,012030,동부CNI,18212632,1.0,120567623840.0,1.0030257186081695,0,1,0,1
2016-05-17,012030,동부,182126320,9.0,161728172160.0,0.10310559006211184,1,0,0,0
2006-01-18,012090,성원건설,34841126,0.7816096373989299,128737960570.0,0.6750757277834722,0,1,0,0
2010-04-26,012090,성원건설,44798281,0.0,8063690580.0,1.25,0,0,0,1
2011-11-10,012160,영흥철강,56217240,9.0,74206756800.0,0.06024096385542177,1,0,0,0
2006-09-26,012170,아이브릿지,53902830,0.7283498591565012,92982381750.0,0.738427700900854,0,1,0,0
2007-04-13,012170,한신DNP,14022547,2.4859871121456134,34495465620.0,2.5731367899492534,1,0,0,1
2010-04-09,012170,한신DNP,6776515,0.6623304464720479,37609658250.0,0.6623304464720479,0,1,0,0
2010-04-21,012170,키스톤글로벌,13423412,0.7844178826071722,58593193380.0,0.8327021311953662,0,1,0,0
2020-10-12,012170,키위미디어그룹,66180931,-0.13326870875971308,39708558600.0,-0.13326870875971308,0,0,1,0
2020-11-04,012170,키위미디어그룹,37011498,-0.44075283558643197,54962074530.0,0.3841367319235809,0,0,1,0
2021-01-14,012170,키위미디어그룹,62022534,0.6757639477332151,68534900070.0,0.24694893080485047,0,1,0,0
2021-04-30,012170,아센디오,63509196,0.0,248320956360.0,2.5384615384615383,0,0,0,1
2023-02-16,012200,계양전기,27222829,-0.16494389570552148,62340278410.0,-0.43839104880048285,0,0,1,0
2023-02-16,012205,계양전기우,1169079,-0.1649435714285714,5845395000.0,-0.2982719087635054,0,0,1,0
2017-05-11,012320,경동인베스트,1912032,-0.4513223140495868,113957107200.0,-0.54707492960326,0,0,1,0
2005-06-21,012400,티비케이,29010805,3.1380133950380875,20742725575.0,2.522237592205039,1,0,0,1
2006-12-26,012400,티비케이,64607001,0.7057302841982587,36825990570.0,0.5432797809412817,0,1,0,0
2007-10-30,012400,프리네트웍스,25020660,2.3269234349112975,26521899600.0,2.093455123689452,1,0,0,1
2008-06-11,012400,프리네트웍스,47437206,0.5003794500937255,65700530310.0,0.6624204307038479,0,1,0,0
2008-07-31,012400,프리네트웍스,115421910,1.4331515224568663,171978645900.0,1.3389650119101488,1,0,0,1
2010-11-12,012400,허메스홀딩스,15116052,1.954632204676575,18895065000.0,1.797947163519484,1,0,0,1
2007-08-30,012410,청호전자통신,21000000,9.0,63210000000.0,0.14885496183206115,1,0,0,0
2009-05-20,012410,청호전자통신,62825265,1.75244405705695,40208169600.0,1.8643320268560126,1,0,0,1
2009-07-07,012420,메리츠종금,122950720,0.9531265091169727,86065504000.0,0.8988729949748346,0,1,0,0
2009-02-20,012450,삼성테크윈,53130000,-0.31000000000000005,1806420000000.0,-0.17102473498233217,0,0,1,0
2006-06-28,012510,대동,34474871,2.2189422035480857,108768218005.0,2.2866545799981264,1,0,0,1
2009-12-09,012510,더존비즈온,25663799,-0.2555795495217371,187345732700.0,4.602339472671463,0,0,1,1
2009-05-15,012580,톰보이,34753000,9.0,17202735000.0,-0.11449016100178888,1,0,0,0
2009-08-24,012610,경인양행,37500000,9.0,123000000000.0,0.0,1,0,0,0
2018-10-10,012630,HDC,59741721,0.8998218213086833,1117170182700.0,0.8079729291843449,0,1,0,0
2008-04-16,012800,대창공업,74438840,9.0,59923266200.0,-0.006172839506172867,1,0,0,0
2008-04-16,012805,대창공업(1우B),2140,9.0,170986000.0,0.14964028776978422,1,0,0,0
2013-12-30,012805,대창우,2140,0.0,359520000.0,1.0363636363636362,0,0,0,1
2005-11-24,013000,세우글로벌,19928418,4.07288633745187,27102648480.0,4.8220467670333695,1,0,0,1
2021-09-24,013000,세우글로벌,28705031,0.0,184286299020.0,1.5991902834008096,0,0,0,1
2005-01-21,013200,우방,26300870,1.525811887210768,236707830000.0,27.594096836348317,1,0,0,1
2005-07-25,013200,우방,19725653,-0.24999998098922205,136107005700.0,-0.1733226627516984,0,0,1,0
2005-03-30,013240,세양산업,26916880,10.73101312439366,80616055600.0,3.397294656765834,1,0,0,1
2011-01-11,013240,셀런,61436176,0.9543145451278807,32131120048.0,0.8583754674579664,0,1,0,0
2017-05-17,013360,일성건설,53403640,9.0,73162986800.0,-0.1410658307210031,1,0,0,0
2017-05-17,013367,일성건설2우B,621240,9.0,5951479200.0,-0.0788461538461539,1,0,0,0
2017-05-17,013520,화승알앤에이,64561210,9.0,240813313300.0,-0.09135200974421442,1,0,0,0
2021-03-12,013520,화승코퍼레이션,50051252,-0.2750909897367473,108861473100.0,-0.5680336719664179,0,0,1,0
2015-01-14,013570,디와이,20623600,-0.34870047687519734,116523340000.0,-0.5132483722678393,0,0,1,0
2018-05-04,013700,까뮤이앤씨,45152280,9.0,66148090200.0,-0.095679012345679,1,0,0,0
2019-10-29,013890,지누스,14206749,1.2823670654734594,1179160167000.0,251.5819552457295,1,0,0,1
2018-04-27,014130,한익스프레스,12000000,9.0,72120000000.0,-0.08939393939393936,1,0,0,0
2019-05-03,014280,금강공업,24279820,4.0,112294167500.0,-0.05030800821355241,1,0,0,0
2019-05-03,014285,금강공업우,589875,4.0,7579893750.0,-0.16013071895424835,1,0,0,0
2011-02-01,014300,선진지주,1386000,-0.37,52252200000.0,-0.5743548387096774,0,0,1,0
2013-05-23,014350,신일건업,1474575,-0.7542375,21381337500.0,1.4576250000000002,0,0,0,1
2016-05-13,014530,극동유화,34869420,9.0,137734209000.0,-0.059523809523809534,1,0,0,0
2005-05-16,014580,백광소재,2758310,0.5297802200240034,40271326000.0,0.5193735518605749,0,1,0,0
2015-05-12,014580,백광소재,27583100,9.0,76956849000.0,-0.04123711340206182,1,0,0,0
2006-07-24,014590,나자인,17766010,9.0,26915505150.0,-0.05312499999999998,1,0,0,0
2007-11-09,014590,나자인,31771900,0.6490242351582811,110883931000.0,0.5986373835284446,0,1,0,0
2010-01-18,014590,티엘씨레저,74279582,0.7128734323764694,43824953380.0,0.804634509110923,0,1,0,0
2010-04-28,014790,한라건설,20000000,1.0753225881431008,352000000000.0,1.1806374657503627,1,0,0,1
2005-03-14,014820,동원시스템즈,120468560,2.953864573842676,228890264000.0,2.7097988594079427,1,0,0,1
2022-11-25,014830,유니드,6767600,-0.2387267131714249,645629040000.0,-0.05681205761758368,0,0,1,0
2007-05-03,014990,나산,14594600,2.2236745905633315,280216320000.0,2.257608007306103,1,0,0,1
2008-01-04,014990,인디에프,8756760,-0.4,260075772000.0,-0.275609756097561,0,0,1,0
2008-04-24,014990,인디에프,87567600,9.0,204908184000.0,-0.025000000000000022,1,0,0,0
2008-12-29,014990,인디에프,58932995,-0.32699999771605026,70130264050.0,-0.36939369864732263,0,0,1,0
2012-11-30,015110,중앙건설,6589747,0.0,2306411450.0,1.147239263803681,0,0,0,1
2020-12-04,015230,대창단조,14286115,4.0,96288415100.0,-0.06258692628650908,1,0,0,0
2022-02-17,015230,대창단조,28572230,1.0,125003506250.0,0.06318347509112998,0,1,0,0
2005-03-31,015260,큐엔텍코리아,17131715,1.6000000607061247,14733274900.0,1.2138614378289772,1,0,0,1
2006-08-16,015260,큐엔텍코리아,49777412,1.1495291604101951,54257379080.0,0.9443873733171062,1,0,0,0
2008-01-10,015260,큐엔텍코리아,25613587,4.145624692003863,26510062545.0,3.8415650511127257,1,0,0,1
2018-03-07,015260,에이엔피,82784868,0.7004229733148295,64323842436.0,0.7499717222061226,0,1,0,0
2020-12-23,015260,에이엔피,21826409,0.8455652091856454,33612669860.0,1.0086010050501018,0,1,0,1
2005-05-27,015540,텔레윈,18802786,3.723219170615078,18144688490.0,3.033545574905797,1,0,0,1
2007-02-13,015540,텔레윈,41167106,7.868215133853328,21406895120.0,7.53976272148839,1,0,0,1
2022-01-05,015540,쎌마테라퓨틱스,20595197,0.5309750571276075,132015212770.0,0.5309750571276075,0,1,0,0
2023-03-07,015540,쎌마테라퓨틱스,53125354,0.6760487120712309,340533519140.0,0.6760487120712309,0,1,0,0
2006-11-29,015545,텔레윈(1우),17,0.0,20400000.0,7.24742268041237,0,0,0,1
2005-10-10,015590,대경기계,5473989,2.085695007128004,74172550950.0,2.074350540190033,1,0,0,1
2008-05-09,015590,대경기계,54739890,9.0,251803494000.0,0.09523809523809534,1,0,0,0
2005-06-13,015670,AP우주통신,3933612,0.7803322226657652,6903489060.0,0.8598113397490581,0,1,0,0
2005-11-16,015670,AP우주통신,33933612,7.626578320383404,33424607820.0,6.356865494006625,1,0,0,1
2007-09-06,015675,AP우주통신(1우B),35871,0.0,162495630.0,2.9220779220779223,0,0,0,1
2008-08-01,015860,일진홀딩스,34719169,-0.42938006642753523,122558666570.0,-0.7037811227189998,0,0,1,0
2005-04-15,016160,라딕스,6496717,0.7485835371911147,12213827960.0,0.6477879949470153,0,1,0,0
2006-12-12,016160,라딕스,21290850,1.4219330326418946,39920343750.0,1.396371734144355,1,0,0,1
2008-10-14,016160,오라에너지,11654897,-0.6250658392456625,20162971810.0,1.0269878065781373,0,0,0,1
2009-05-13,016160,오라바이오틱스,59481462,1.8297657974405617,39257764920.0,1.4098650662074461,1,0,0,1
2011-04-20,016160,오라바이오틱스,3894845,0.0,428432950.0,1.8205128205128207,0,0,0,1
2008-10-15,016167,오라에너지2우B,821283,0.0,3625964445.0,1.552023121387283,0,0,0,1
2009-10-12,016380,동부제철,50379624,0.7752040689474955,399006622080.0,0.7910339141483012,0,1,0,0
2016-05-24,016380,동부제철,25000122,0.24997560059534552,472502305800.0,4.0969878859227675,0,0,0,1
2019-09-18,016380,동부제철,100008897,2.672285093493936,1660147690200.0,9.159988758666556,1,0,0,1
2006-07-21,016420,NH투자증권,50739794,1.0,441436207800.0,0.9311875693673697,0,1,0,0
2006-07-03,016450,한세실업,40000000,9.0,74400000000.0,0.013623978201634968,1,0,0,0
2009-07-01,016450,한세예스24홀딩스,31748319,2.1748319,99689721660.0,2.1748319,1,0,0,1
2009-09-21,016560,서울저축은행,4536000,0.7886435331230284,24630480000.0,0.7658789790650988,0,1,0,0
2010-09-08,016560,서울저축은행,26536000,4.850088183421517,102030920000.0,4.78985561525244,1,0,0,1
2011-05-23,016560,서울저축은행,46536000,0.7536930961712391,89581800000.0,0.7049793990553712,0,1,0,0
2010-04-26,016580,환인제약,18600070,1.0,138198520100.0,-0.012624584717607967,0,1,0,0
2023-04-21,016590,신대양제지,40297820,9.0,343740404600.0,0.0011737089201877549,1,0,0,0
2007-12-21,016610,동부증권,42396725,1.3171756147616582,542678080000.0,1.3539561800753352,1,0,0,1
2005-10-07,016710,대구가스,15730000,4.0,246174500000.0,-0.09537572254335258,1,0,0,0
2007-10-23,016880,웅진홀딩스,49488173,4.730960442058766,1138227979000.0,5.461376968987824,1,0,0,1
2013-04-29,016880,웅진홀딩스,42503966,-0.2948035454566541,130062135960.0,0.09260817767222207,0,0,1,0
2006-07-05,016975,씨크롭(1우),2678,0.0,48204000.0,4.901639344262295,0,0,0,1
2005-04-08,017170,이노츠,11388843,2.3606877037384146,25055454600.0,2.5717453856157064,1,0,0,1
2005-04-26,017170,이노츠,33388843,1.9317151004715756,50083264500.0,2.043302872461843,1,0,0,1
2010-08-04,017170,프라임엔터,37063881,2.1128694266175883,92659702500.0,1.64699781174965,1,0,0,1
2006-07-19,017300,KDS,30332387,0.9585999533795619,24872557340.0,0.7269375933024096,0,1,0,0
2008-03-28,017300,KDS,19194831,1.0091784517874571,62383200750.0,1.106396763970721,1,0,0,1
2009-12-22,017300,KDS,166616060,2.7063736140533208,32490131700.0,2.212190465512878,1,0,0,1
2021-05-12,017670,SK텔레콤,72060143,-0.10756692699132964,22518794687500.0,-0.10036988607996933,0,0,1,0
2021-11-26,017670,SK텔레콤,218833144,2.0368125136804127,12670439037600.0,-0.4318854780546174,1,0,0,0
2011-02-15,017800,현대엘리베이,10732513,0.504730941254506,1207407712500.0,0.538929371737563,0,1,0,0
2008-09-29,017810,풀무원홀딩스,3393191,0.6862821980765637,150996999500.0,0.6675457292090463,0,1,0,0
2019-05-03,017810,풀무원,38090950,9.0,500895992500.0,0.019379844961240345,1,0,0,0
2024-12-24,017860,DS단석,17584212,2.0,610172156400.0,1.8442622950819674,1,0,0,1
2010-07-14,017900,광전자,57943763,2.8294646070146556,370840083200.0,2.799778834867255,1,0,0,1
2005-07-01,018410,현대금속,64385870,0.5190408973556517,36699945900.0,0.5742787481685845,0,1,0,0
2007-02-02,018410,현대금속,12468541,1.790293520860612,24126626835.0,1.9184961961433968,1,0,0,1
2012-05-04,018470,조일알미늄,69600000,9.0,84216000000.0,-0.0692307692307692,1,0,0,0
2006-07-24,018500,동원금속,26800000,1.0,27202000000.0,0.06842105263157894,0,1,0,0
2016-02-15,018880,한온시스템,533800000,4.0,5444760000000.0,-0.02857142857142858,1,0,0,0
2011-05-04,019170,신풍제약,39088770,9.276574483059418,173554138800.0,0.11287782206789809,1,0,0,0
2011-05-04,019175,신풍제약우,2200000,9.0,6600000000.0,-0.0066225165562914245,1,0,0,0
2006-05-08,019180,동해전장,18000000,1.0,26820000000.0,-0.07453416149068326,0,1,0,0
2008-05-20,019300,동일제지,39690000,9.0,51200100000.0,-0.0444444444444444,1,0,0,0
2016-08-01,019300,태림페이퍼,39690000,0.0,500094000000.0,1.2419928825622777,0,0,0,1
2023-07-28,019490,하이트론,27611224,1.8728103725394392,68199723280.0,1.8728103725394392,1,0,0,1
2025-01-14,019490,하이트론,57644269,0.9186444176757971,190514309045.0,0.9362197863873309,0,1,0,0
2008-10-13,019680,대교,84702850,9.0,487041387500.0,-0.07852564102564108,1,0,0,0
2008-10-13,019685,대교우B,19426990,9.0,74793911500.0,-0.04466501240694787,1,0,0,0
2008-01-16,020000,한섬,27129226,-0.209999990681636,367601012300.0,-0.13323885617296904,0,0,1,0
2007-04-16,020120,인큐브테크,7188473,2.333333178764893,11932865180.0,0.06615280862229711,1,0,0,0
2012-09-13,020120,다우인큐브,15832549,0.8259105623164364,32298399960.0,0.8214462333132178,0,1,0,0
2021-03-12,020120,키다리스튜디오,32587832,0.7044334588895884,415494858000.0,0.8034461909412658,0,1,0,0
2024-12-30,020560,아시아나항공,205990711,1.768254640489372,2142303394400.0,1.8280793969636022,1,0,0,1
2008-08-21,020760,일진디스플,5343674,0.5934156668198356,74009884900.0,0.5486882095055945,0,1,0,0
2009-08-24,020760,일진디스플,10739456,1.0,28459558400.0,0.22685185185185186,0,1,0,0
2009-09-29,020760,일진디스플,25739456,1.396718790970418,106818742400.0,1.6523687953405957,1,0,0,1
2008-04-16,021050,서원,27974590,9.0,35527729300.0,-0.023076923076923106,1,0,0,0
2016-06-20,021050,서원,47474590,0.6970611544262133,80232057100.0,0.6530451590664554,0,1,0,0
2005-02-16,021240,웅진코웨이,21109690,-0.1189497860782005,284980815000.0,-0.13810305159823966,0,0,1,0
2005-05-23,021240,웅진코웨이,73071736,2.4417326665752914,891475179200.0,2.4417326665752914,1,0,0,1
2011-11-11,021820,세원정공,10000000,9.0,125000000000.0,0.012145748987854255,1,0,0,0
2005-08-02,023150,무학주정,780000,-0.11514463981849121,21840000000.0,-0.1427006890975001,0,0,1,0
2005-09-01,023150,무학주정,700000,-0.10256410256410253,20370000000.0,-0.05034965034965033,0,0,1,0
2005-12-05,023150,무학주정,7000000,9.0,35070000000.0,-0.05471698113207546,1,0,0,0
2017-11-30,023450,동남합성,1310074,-0.1324438405005317,77556380800.0,-0.1324438405005317,0,0,1,0
2019-03-28,023450,동남합성,3621788,1.7418636376712628,88009448400.0,1.5333568971639426,1,0,0,1
2017-10-27,023530,롯데쇼핑,28122047,-0.10697839235547857,5905629870000.0,-0.23921080078965717,0,0,1,0
2005-11-10,023960,세원셀론텍,40990420,0.613796062992126,192654974000.0,0.6206926273638873,0,1,0,0
2018-04-10,023960,에쓰씨엔지니어링,22510762,0.9999998223072304,63255241220.0,0.9083190155121621,0,1,0,0
2013-01-07,024720,한국콜마홀딩스,16391930,0.7473400705846536,244239757000.0,0.7128530955073249,0,1,0,0
2023-11-08,024720,한국콜마홀딩스,36769520,1.0,245988088800.0,0.9475982532751093,0,1,0,0
2008-05-13,024890,대원화성,27452700,9.0,54219082500.0,0.031331592689294974,1,0,0,0
2014-10-22,024900,덕양산업,32564980,9.0,138075515200.0,-0.1148225469728601,1,0,0,0
2006-09-29,025000,포리올,4200000,-0.30000000000000004,182490000000.0,-0.16671232876712327,0,0,1,0
2010-05-31,025530,SJM홀딩스,9215876,-0.4828103105531294,33684026780.0,-0.67408132501236,0,0,1,0
2023-09-01,025560,미래산업,30429770,4.979171967826585,144237109800.0,4.535405298339455,1,0,0,1
2024-12-10,025560,미래산업,53662924,0.7217940912568523,42501035808.0,0.8255166268747351,0,1,0,0
2012-01-05,025610,한국저축은행,16000000,0.6000000000000001,60960000000.0,0.6042105263157895,0,1,0,0
2006-03-06,025620,신우,29417967,8.279202488587874,57070855980.0,7.572215632314512,1,0,0,1
2014-12-26,025620,신우,61291605,5.101591070905222,184181273025.0,22.567199444820297,1,0,0,1
2016-07-28,025620,제이준,46371350,0.9425520671113978,323672023000.0,0.9070342374736367,0,1,0,0
2021-08-13,025620,제이준코스메틱,57455720,0.5339638378330467,86758137200.0,0.4706573937320002,0,1,0,0
2025-06-30,025620,제이준코스메틱,8030748,0.6768254449489763,58463845440.0,0.6496336809768308,0,1,0,0
2007-04-30,025820,이구산업,22369210,9.0,71022241750.0,0.061872909698996725,1,0,0,0
2007-04-16,025830,한국합섬,4495079,-0.4955017957351291,1505851465.0,-0.9404905287222776,0,0,1,0
2006-09-29,025850,화인케미칼,2500000,-0.5,31375000000.0,-0.5351851851851852,0,0,1,0
2015-11-16,025850,한화화인케미칼,7500000,0.9736842105263157,72375000000.0,0.9238437001594897,0,1,0,0
2006-05-02,025890,한국주강,10778540,9.0,26191852200.0,-0.13214285714285712,1,0,0,0
2005-12-12,025930,팬택,112645266,3.498157115630896,716423891760.0,3.401273731601923,1,0,0,1
2008-10-30,026940,부국철강,20000000,1.0,34200000000.0,-0.06429548563611487,0,1,0,0
2016-12-13,027410,BGF리테일,49547625,0.999987769417926,4360191000000.0,1.0417508550902261,0,1,0,1
2017-12-07,027410,BGF,32263719,-0.3488341974009854,921129177450.0,-0.7649711294032634,0,0,1,0
2018-03-23,027410,BGF,95369179,1.9559264076159355,1292252375450.0,1.6264132998816998,1,0,0,1
2006-06-01,027740,마니커,44995150,11.857538830380781,56243937500.0,0.16042769227263376,1,0,0,0
2012-09-21,027740,마니커,72001070,0.5319027843408672,53136789660.0,0.4993955634529972,0,1,0,0
2021-12-22,027740,마니커,63511228,0.5999999798460836,73673024480.0,0.5931330271428814,0,1,0,0
2006-05-04,027970,세림제지,19344675,4.0,201184620000.0,0.14790286975717448,1,0,0,0
2015-04-02,027970,세하,19682220,0.589461315760784,51173772000.0,0.6080153389019605,0,1,0,0
2020-08-13,027970,세하,57562997,0.9471299543818239,77710045950.0,0.8979245042710919,0,1,0,0
2023-08-17,027970,한국제지,190178237,2.3038279261241383,239814756857.0,2.1802496296507927,1,0,0,1
2016-02-25,028050,삼성엔지니어링,196000000,3.9000000000000004,1958040000000.0,3.904909819639278,1,0,0,1
2014-01-23,028670,팬오션,120887541,-0.41276367145094683,784560141090.0,4.001527260214377,0,0,1,1
2015-07-24,028670,팬오션,182401146,-0.20195817407689864,782500916340.0,0.141199811070035,0,0,1,0
2015-07-29,028670,팬오션,522919935,1.8668675963252994,2201492926350.0,1.8668675963252994,1,0,0,1
2010-05-10,030000,제일기획,115041225,24.0,1512792108750.0,-0.0580229226361032,1,0,0,0
2020-07-08,030610,교보증권,64653296,0.7959248888888888,426065220640.0,0.7690799727619997,0,1,0,0
2023-09-19,030610,교보증권,113962961,0.7626782863475359,598305545250.0,0.746049245910295,0,1,0,0
2014-06-02,030790,동양네트웍스,30962739,-0.25587401965688683,61925478000.0,1.7974660915154628,0,0,1,1
2016-01-06,030790,동양네트웍스,52636187,0.6637968096471296,64742510010.0,0.6371760606927757,0,1,0,0
2020-05-14,030790,비케이탑스,10603880,0.7873305417355001,63093086000.0,0.7724361205543708,0,1,0,0
2022-04-08,031430,신세계인터내셔날,35700000,4.0,1120980000000.0,-0.05988023952095811,1,0,0,0
2018-04-06,031820,콤텍시스템,47851466,0.5023316666177939,50244039300.0,0.5095198564102237,0,1,0,0
2021-09-06,031820,콤텍시스템,121051466,0.7840655941022705,125288267310.0,0.8192195959565023,0,1,0,0
2013-07-23,032350,롯데관광개발,24613632,1.237602909090909,199370419200.0,1.237602909090909,1,0,0,1
2010-01-15,032640,LG텔레콤,514793835,0.8565953182871096,4447818734400.0,0.8565953182871096,0,1,0,0
2012-09-12,032640,LG유플러스,436611361,-0.15187142635459105,3348809138870.0,-0.1173478751885636,0,0,1,0
2005-03-21,032710,LG카드,125369403,0.0,3886451493000.0,4.477031802120141,0,0,0,1
2025-06-13,033180,KH 필룩스,26020020,4.0,138166306200.0,0.0,1,0,0,0
2019-05-28,034020,두산중공업,202146875,0.7255848694213993,1208838312500.0,0.6536854998621744,0,1,0,0
2008-03-24,034120,SBS,18252582,-0.2999999961649261,985639428000.0,-0.39999999671279385,0,0,1,0
2024-02-05,034300,신세계건설,7760554,0.9401385,87771865740.0,0.8470510467171717,0,1,0,0
2010-11-26,034310,NICE,3458657,-0.4837825373134328,245564647000.0,0.1766112311636041,0,0,1,0
2013-05-16,034310,NICE,37882300,9.0,333743063000.0,0.06272617611580222,1,0,0,0
2015-05-11,034730,SK C&C,44000000,-0.12,10978000000000.0,-0.09646090534979423,0,0,1,0
2015-08-13,034730,SK,70360297,0.5990976590909092,21002548654500.0,0.5372967833772508,0,1,0,0
2013-08-28,035420,NAVER,32962679,-0.315099698086574,15822085920000.0,0.12010952272042408,0,0,1,0
2018-10-11,035420,NAVER,164813395,4.0,23403502090000.0,0.008522727272727293,1,0,0,0
2022-04-08,035510,신세계 I&C,17200000,9.0,314760000000.0,-0.07341772151898729,1,0,0,0
2024-12-24,035510,신세계 I&C,15268540,-0.11229418604651165,233761347400.0,-0.03199601056781287,0,0,1,0
2021-04-14,035720,카카오,443809305,4.0,53479021252500.0,0.07974910394265233,1,0,0,0
2008-02-22,036530,S&T홀딩스,8927000,-0.20999999999999996,175415550000.0,-0.49517073170731707,0,0,1,0
2008-10-24,036530,S&T홀딩스,15323423,0.7165254844852693,78302691530.0,0.45947507915469665,0,1,0,0
2005-07-07,036580,대상팜스코,30536037,0.8091958893574014,120617346150.0,0.7303447367946092,0,1,0,0
2007-04-09,037270,휘닉스컴,11875000,4.0,47975000000.0,-0.009803921568627416,1,0,0,0
2014-12-15,037270,휘닉스홀딩스,28081138,1.3647274105263159,183089019760.0,1.2344960458886347,1,0,0,1
2015-02-16,037270,YG PLUS,56162276,1.0,244305900600.0,0.012805587892898762,0,1,0,0
2015-11-18,037620,미래에셋증권,87910706,0.9998518606446349,1679094484600.0,1.0051008156594503,0,1,0,1
2022-04-08,037710,광주신세계,8000000,4.0,302800000000.0,-0.04177215189873418,1,0,0,0
2017-12-01,039570,아이콘트롤스,16460000,1.0,268298000000.0,1.0248447204968945,0,1,0,1
2021-12-17,039570,HDC랩스,25957601,0.5770109963547996,332257292800.0,0.5647861049101888,0,1,0,0
2017-01-17,042660,대우조선해양,65576960,2.075868658916319,2937847808000.0,2.075868658916319,1,0,0,1
2023-06-12,042660,한화오션,211729312,0.9734177629184138,5939007201600.0,0.8390155564738042,0,1,0,0
2021-12-27,042670,현대두산인프라코어,197434563,1.3982072202844358,1336631991510.0,1.3771395141033134,1,0,0,1
2006-11-10,042700,한미반도체,24000000,0.6190475547997003,168720000000.0,0.6213538903478479,0,1,0,0
2017-05-10,042700,한미반도체,63582100,1.499999901701898,494668738000.0,0.040106910975441945,1,0,0,0
2022-04-05,042700,한미반도체,98919754,1.0,1666797854900.0,-0.037142857142857144,0,1,0,0
2007-02-27,044380,주연테크,42900000,2.0,94380000000.0,1.6559356136820926,1,0,0,1
2018-01-02,044380,주연테크,98773270,0.5488192780454884,53831432150.0,0.5602708069034956,0,1,0,0
2020-05-06,044380,주연테크,53375996,-0.5,62449915320.0,0.0893854748603351,0,0,1,0
2008-05-13,044450,KSS해운,11592940,9.0,128101987000.0,0.14626556016597503,1,0,0,0
2016-10-20,044450,KSS해운,23185880,1.0,192674662800.0,0.9904191616766467,0,1,0,0
2014-08-26,044820,코스맥스비티아이,9603921,1.0908975323330878,477795069750.0,1.1164222224531253,1,0,0,1
2011-04-29,047400,쌍용머티리얼,42000000,9.0,81060000000.0,0.14880952380952372,1,0,0,0
2023-04-18,049770,동원F&B,19295620,4.0,598164220000.0,-0.007046764894298563,1,0,0,0
2021-05-13,049800,우진플라임,20000000,1.0,99600000000.0,0.8444444444444446,0,1,0,0
2015-01-06,051310,포스코플랜텍,180834946,1.2276185461497757,589521923960.0,1.1775221770459576,1,0,0,1
2008-01-30,051630,진양화학,1200000,-0.5,12240000000.0,-0.6445993031358885,0,0,1,0
2008-05-08,051630,진양화학,6000000,4.0,14880000000.0,0.14814814814814814,1,0,0,0
2009-04-20,051910,LG화학,66271100,-0.11918948169939514,8449565250000.0,0.24781490092585678,0,0,1,0
2009-04-20,051915,LG화학우,7628921,-0.11918947967216287,326899264850.0,0.11008031753081826,0,0,1,0
2014-05-21,053000,우리금융,676278371,-0.16096091793984968,8554921393150.0,-0.08894039587460068,0,0,1,0
2007-04-20,063350,팬택앤큐리텔,166376165,0.0,27452067225.0,1.5384615384615383,0,0,0,1
2025-02-26,064960,SNT모티브,26540272,0.8149507738969262,694028112800.0,0.7676336215048274,0,1,0,0
2006-04-26,067250,STX조선,59748342,1.0,693080767200.0,0.10476190476190483,0,1,0,0
2013-12-04,067250,STX조선해양,35298247,0.7894999903930002,313801415830.0,0.8222972410760336,0,1,0,0
2014-03-20,067250,STX조선해양,696775595,12.751684605829423,3867104552250.0,12.751684605829423,1,0,0,1
2006-04-11,067830,세이브존I&C,41040895,4.0,87827515300.0,0.148068669527897,1,0,0,0
2024-01-11,068270,셀트리온,220290520,0.5046881968148553,43375203388000.0,0.4452346631846098,0,1,0,0
2008-06-05,068290,삼성출판사,10000000,9.0,31500000000.0,-0.07352941176470584,1,0,0,0
2020-01-17,068400,SK렌터카,35765140,0.614948772481182,413087367000.0,0.5942443010391156,0,1,0,0
2010-09-27,069260,휴켐스,40878588,0.5999999686877644,868669995000.0,0.6190475873626189,0,1,0,0
2006-04-25,069470,제로원인터랙티브,32554560,0.666621529989994,68364576000.0,0.5908660058995396,0,1,0,0
2010-04-27,069470,제로원인터랙티브,12957451,0.0,323936275.0,1.5,0,0,0,1
2022-07-14,069640,한세엠케이,30106502,1.3321520680946684,114404707600.0,1.5320508167884972,1,0,0,1
2021-04-02,071090,하이스틸,19999440,9.0,53698496400.0,-0.06282722513089001,1,0,0,0
2007-03-14,071950,코아스웰,12063980,1.0,53081512000.0,-0.03296703296703296,0,1,0,0
2011-11-24,071950,코아스,20063980,0.6631310728300279,16291951760.0,0.6672375693061514,0,1,0,0
2013-01-16,071970,STX중공업,43427017,0.947399865470852,256219400300.0,0.754146443706569,0,1,0,0
2013-12-17,071970,STX중공업,114309017,1.6322097370860171,397795379160.0,1.55868432543557,1,0,0,1
2015-04-10,071970,STX중공업,22325027,0.5641684165597207,252272805100.0,0.5641684165597207,0,1,0,0
2017-03-29,071970,STX중공업,24556606,0.03212291929242572,1357980311800.0,19.642458385848514,0,0,0,1
2018-12-26,071970,STX중공업,28081731,0.13064802994711977,172983462960.0,5.136380497334147,0,0,0,1
2005-11-16,072130,유엔젤,12980780,1.0,108129897400.0,0.9856972586412396,0,1,0,0
2010-12-14,073240,금호타이어,90732368,7.858492761863998,1460791124800.0,7.696447162561608,1,0,0,1
2018-07-19,073240,금호타이어,287260287,0.8181818164556214,1752287750700.0,0.8332081124593869,0,1,0,0
2009-04-16,074610,이엔쓰리,41275884,0.6330151036518064,21463459680.0,0.6650350076449791,0,1,0,0
2015-03-18,077500,유니퀘스트,26978966,0.9976305919603172,151082209600.0,0.8801229100802985,0,1,0,0
2023-10-20,077500,유니퀘스트,21794015,-0.16714817193467824,140353456600.0,-0.7085018601771373,0,0,1,0
2013-10-15,077970,STX엔진,49198433,0.7156159817229468,282890989750.0,0.689176694333381,0,1,0,0
2015-04-13,077970,STX엔진,23008904,2.741404441507404,646550202400.0,2.741404441507404,1,0,0,1
2025-04-21,077970,STX엔진,40148063,0.7448924555467744,873220370250.0,0.6792659693868293,0,1,0,0
2020-08-06,079160,CJ CGV,35100000,0.6586872468641243,659880000000.0,0.6765225936045987,0,1,0,0
2023-09-26,079160,CJ CGV,122431195,1.5650290210203366,697857811500.0,1.7226565027590164,1,0,0,1
2008-11-04,079430,리바트,17261650,0.9615511363636364,89760580000.0,0.8545574380165288,0,1,0,0
2008-08-01,081000,일진다이아,2255595,-0.4913394921772639,30112193250.0,-0.5808260629979305,0,0,1,0
2010-09-07,081000,일진다이아,11277975,4.0,130260611250.0,0.15039840637450208,1,0,0,0
2018-05-08,081660,휠라코리아,61115070,4.0,1518709489500.0,-0.04054054054054057,1,0,0,0
2005-08-29,083350,동북아10호,1585660,0.0,7960013200.0,inf,0,0,0,1
2005-08-29,083360,동북아11호,1585660,0.0,7975869800.0,inf,0,0,0,1
2005-08-29,083370,동북아12호,1585660,0.0,7960013200.0,inf,0,0,0,1
2005-08-29,083390,동북아14호,1585660,0.0,7928300000.0,inf,0,0,0,1
2010-05-11,083420,KPX그린케미칼,20000000,9.0,63400000000.0,-0.05514157973174372,1,0,0,0
2009-03-11,084010,대한제강,23798725,4.0,216806384750.0,0.02474690663667034,1,0,0,0
2006-12-22,084670,동양고속,2040000,1.0064383064480436,28356000000.0,0.9234132730777798,1,0,0,0
2008-05-15,084680,C&우방랜드,32876085,4.0,30574759050.0,0.14814814814814814,1,0,0,0
2005-11-25,084690,대상홀딩스,32970616,0.9524531757535073,204417819200.0,0.9063322345939757,0,1,0,0
2011-03-04,085310,엔케이,32126520,0.9813114890585901,182157368400.0,0.8416452693380665,0,1,0,0
2017-07-26,085310,엔케이,79983352,0.6328680813840588,91580938040.0,0.6400297834953923,0,1,0,0
2024-08-02,086280,현대글로비스,75000000,1.0,8655000000000.0,0.8995884773662552,0,1,0,0
2006-01-31,088010,동북아21호,2599920,0.0,13987569600.0,inf,0,0,0,1
2009-01-19,088010,동북아21호,1039968,-0.11111111111111116,5179040640.0,-0.11111111111111116,0,0,1,0
2009-04-16,088010,동북아21호,909972,-0.125,4504361400.0,-0.125,0,0,1,0
2009-07-17,088010,동북아21호,779976,-0.1428571428571429,3849181560.0,-0.1445904954499494,0,0,1,0
2009-10-19,088010,동북아21호,649980,-0.16666666666666663,3201151500.0,-0.16835528537656197,0,0,1,0
2010-01-18,088010,동북아21호,519984,-0.19999999999999996,2553121440.0,-0.20243654822335022,0,0,1,0
2010-04-16,088010,동북아21호,389988,-0.25,1903141440.0,-0.25458248472505096,0,0,1,0
2010-07-16,088010,동북아21호,259992,-0.33333333333333337,1253161440.0,-0.3415300546448088,0,0,1,0
2010-10-15,088010,동북아21호,129996,-0.5,603181440.0,-0.5186721991701244,0,0,1,0
2008-05-06,089470,현대EP,34400000,9.0,86344000000.0,0.09368191721132901,1,0,0,0
2022-11-23,089590,제주항공,76993711,0.5473115897798997,800734594400.0,0.5776510327167603,0,1,0,0
2009-07-22,090080,평화산업,16000000,1.0,18960000000.0,0.9668049792531119,0,1,0,0
2014-05-20,090080,평화산업,37403844,1.33774025,58724035080.0,1.2109952966867468,1,0,0,1
2016-12-21,090370,아비스타,55169808,1.4643332858659788,46177129296.0,1.4012188128868734,1,0,0,1
2017-12-07,090370,아비스타,23005352,0.6539988089665278,56363112400.0,0.6209188327871973,0,1,0,0
2022-07-18,090370,메타랩스,124523448,0.6709297723315217,94015203240.0,0.6820693041470651,0,1,0,0
2015-05-07,090430,아모레퍼시픽,58458490,9.0,22009621485000.0,-0.030638516992790965,1,0,0,0
2015-05-07,090435,아모레퍼시픽우,10557830,9.0,1821225675000.0,-0.07803313735970074,1,0,0,0
2017-04-14,090970,코리아01호,2191080,0.0,7668780000.0,1.5362318840579712,0,0,0,1
2006-07-24,090980,코리아02호,2191080,0.0,11174508000.0,inf,0,0,0,1
2021-08-04,091090,세원이앤씨,145510091,0.9649954065509618,150602944185.0,0.9096434232678363,0,1,0,0
2020-11-26,091810,티웨이항공,91974812,0.9579601936459055,238674637140.0,0.9770064990315659,0,1,0,0
2008-05-14,092200,디아이씨,21700000,9.0,108283000000.0,0.14976958525345618,1,0,0,0
2019-08-27,092200,디아이씨,38888569,0.6213454543892987,90221480080.0,0.60748780093298,0,1,0,0
2009-08-28,092220,KEC,100410980,0.6621312880539265,70287686000.0,0.7628665176329525,0,1,0,0
2013-11-15,092220,KEC,59047384,2.1000259143197826,44108395848.0,1.9462078346016254,1,0,0,1
2016-07-28,092220,KEC,89047384,0.5080665385616405,105075913120.0,0.4953937105065007,0,1,0,0
2010-07-22,092440,기신정기,29200000,1.0,150672000000.0,0.8901098901098901,0,1,0,0
2012-10-15,093230,쉘라인,23957500,1.5,33061350000.0,0.1499999999999999,1,0,0,0
2017-03-02,093230,이아이디,122690174,0.6878508778916941,56069409518.0,0.6273161417647768,0,1,0,0
2018-08-06,093230,이아이디,242188696,0.5913711225963851,68539400968.0,0.580203605946586,0,1,0,0
2019-02-20,093240,형지엘리트,31154798,0.6264748915650271,61374952060.0,0.606093000693285,0,1,0,0
2017-01-16,095570,AJ네트웍스,46822295,4.0,275315094600.0,-0.0953846153846154,1,0,0,0
2019-01-30,095720,웅진씽크빅,76621165,1.21313075397665,254382267800.0,1.3474741543777884,1,0,0,1
2019-04-05,095720,웅진씽크빅,134173248,0.7511251362466231,401848877760.0,0.7540534391500457,0,1,0,0
2020-05-15,095720,웅진씽크빅,117401592,-0.125,311114218800.0,-0.13801115241635686,0,0,1,0
2007-10-30,096760,중외홀딩스,8899914,0.7789595424711706,155748495000.0,0.8475840945546282,0,1,0,0
2009-11-03,096760,중외홀딩스,44775205,4.0,91341418200.0,-0.10526315789473684,1,0,0,0
2024-11-20,096770,SK이노베이션,151034776,0.5776241207684625,17097136643200.0,0.5888527621974193,0,1,0,0
2019-05-22,097230,한진중공업,83274281,4.729958338663106,705333160070.0,4.889896496174334,1,0,0,1
2008-12-23,100840,S&TC,7084612,1.9855086388537715,135316089200.0,1.8583065163963428,1,0,0,1
2024-05-16,100840,SNT에너지,20680783,1.7549725838652908,231831577430.0,1.6305998862972664,1,0,0,1
2008-06-11,101060,SBS홀딩스,13989619,0.7883741012344463,598755693200.0,0.8202713800911845,0,1,0,0
2009-04-13,101060,SBS미디어홀딩스,139896190,9.0,360932170200.0,0.1492204899777283,1,0,0,0
2008-06-20,101140,아티스,3800000,0.8999999999999999,128820000000.0,1.1833898305084745,0,1,0,1
2008-09-30,101140,아티스,38000000,9.0,158270000000.0,0.09894459102902364,1,0,0,0
2023-01-17,101140,인바이오젠,140884330,1.0831110016818148,126514128340.0,1.0994766324469918,1,0,0,1
2016-06-17,101530,해태제과식품,29116822,0.5157322275054217,826917744800.0,0.5237803632266895,0,1,0,0
2011-11-24,101990,파브코,21000000,0.75,28875000000.0,0.8229166666666667,0,1,0,0
2011-05-18,102260,동성홀딩스,24002890,4.0,51606213500.0,-0.0401785714285714,1,0,0,0
2010-05-17,102280,쌍방울트라이,83115210,9.0,75634841100.0,0.14754098360655732,1,0,0,0
2020-08-27,102280,쌍방울,239359627,0.7175679366593024,159892230836.0,0.7124408681916625,0,1,0,0
2025-05-08,102280,쌍방울,26259210,4.0,70637274900.0,0.0,1,0,0,0
2016-10-19,103130,웅진에너지,22607515,1.091832858894945,146270622050.0,1.059993698181171,1,0,0,1
2020-05-21,103130,웅진에너지,30947322,0.0,14576188662.0,1.4789473684210526,0,0,0,1
2012-07-05,104110,신성이엔지,17626262,0.9996893754608882,28818938370.0,0.9289039108428037,0,1,0,0
2012-07-05,104120,신성에프에이,17626262,0.9996893754608882,21151514400.0,0.9197018004424529,0,1,0,0
2018-05-03,104700,한국철강,46050000,4.0,394188000000.0,0.11749347258485643,1,0,0,0
2025-01-15,104700,한국철강,36450000,-0.1413427561837456,283581000000.0,-0.16599833247310125,0,0,1,0
2012-12-10,105840,우진,17360000,1.0,107632000000.0,0.9224806201550388,0,1,0,0
2017-05-19,107590,미원홀딩스,1867299,1.6500004967068338,113905239000.0,-0.7580089366779688,1,0,0,0
2010-09-28,109070,KGP,8891296,-0.1907855835210076,18449439200.0,0.06610788202787887,0,0,1,0
2012-10-23,109070,KGP,4475152,-0.4999999441359695,8055273600.0,-0.049630305643870165,0,0,1,0
2014-01-06,109070,KGP,13425450,1.9999986592634174,8108971800.0,-0.058701719379166795,1,0,0,0
2015-01-20,109070,KGP,32911887,0.6557722162359809,25934566956.0,0.8248230858656684,0,1,0,0
2016-11-18,109070,KGP,64275865,0.6411024516195976,65561382300.0,0.7454895731511884,0,1,0,0
2019-06-27,109070,컨버즈,19673513,0.5264369376778715,64135652380.0,0.5264369376778715,0,1,0,0
2019-11-08,109070,컨버즈,30584390,0.554597290275509,99705111400.0,0.554597290275509,0,1,0,0
2020-11-09,109070,컨버즈,9083917,1.4942392267458255,37244059700.0,1.4942392267458255,1,0,0,1
2022-08-29,109070,컨버즈,36810230,1.0975356531822538,150921943000.0,1.0975356531822538,1,0,0,1
2015-03-24,110570,넥솔론,141102668,0.050636920022063325,505147551440.0,9.506369200220634,0,0,0,1
2021-03-04,112610,씨에스윈드,42171403,0.9999987195122384,2728489774100.0,0.942941698985613,0,1,0,0
2023-11-03,115390,락앤락,43326411,-0.13693171717764085,261258258330.0,-0.1253274377447352,0,0,1,0
2016-02-04,118000,우리들휴브레인,17355084,0.5987977614912976,47466154740.0,0.6377198043740444,0,1,0,0
2021-07-28,118000,우리들휴브레인,80698804,0.5066946028540618,142029895040.0,0.5507500005983326,0,1,0,0
2010-09-01,119250,골든나래리츠,5362490,0.8491344827586207,53624900000.0,0.8678126088470917,0,1,0,0
2011-05-23,119250,골든나래리츠,53624900,9.0,27348699000.0,-0.15000000000000002,1,0,0,0
2010-04-02,119650,KC코트렐,5100000,1.0,86445000000.0,0.9595375722543353,0,1,0,0
2012-12-07,119650,KC코트렐,10000000,0.6339869281045751,88900000000.0,0.6212214052287581,0,1,0,0
2023-01-05,119650,KC코트렐,34600456,0.9658840657310241,55706734160.0,1.0159702839662095,0,1,0,1
2025-06-12,119650,KC코트렐,109785309,4.8936420834010415,100782913662.0,4.8936420834010415,1,0,0,1
2011-08-29,123700,SJM,15604898,0.5000000480618345,78804734900.0,0.5490798042356368,0,1,0,0
2011-05-23,128820,대성산업,5771445,0.5196967371037831,161889032250.0,0.4724522789554788,0,1,0,0
2013-07-17,128820,대성산업,13301932,1.3006033277458124,74357799880.0,1.2562057196665073,1,0,0,1
2015-03-03,128820,대성산업,24087955,4.892421761002751,146936525500.0,4.882777862866903,1,0,0,1
2017-08-24,128820,대성산업,45235478,0.8779293634515675,161943011240.0,0.8024094158596813,0,1,0,0
2015-05-12,129260,인터지스,29742762,1.0,129381014700.0,0.01992966002344665,0,1,0,0
2011-06-01,134380,미원화학,2291485,4.0,70806886500.0,-0.003225806451612856,1,0,0,0
2011-05-17,134790,팀스,2000000,1.0,30300000000.0,0.1477272727272727,0,1,0,0
2017-03-23,136490,선진,16279604,0.9999513513513514,320708198800.0,0.9360708413573278,0,1,0,0
2011-08-09,138040,메리츠금융지주,114743228,2.141041726719538,274236314920.0,1.8873422026383442,1,0,0,1
2017-05-10,138250,엔에스쇼핑,33696000,9.0,544190400000.0,-0.050000000000000044,1,0,0,0
2015-06-24,138440,이코리아리츠,1570000,-0.4382022471910112,5392950000.0,-0.00011643476742151382,0,0,1,0
2012-02-22,140910,광희리츠,3628735,0.7,19123433450.0,0.6652416356877324,0,1,0,0
2017-05-17,144620,코오롱머티리얼,45000000,4.0,96975000000.0,-0.12040816326530612,1,0,0,0
2018-01-08,145210,세화아이엠씨,28050716,1.3606467922953147,81767837140.0,1.1571427584767533,1,0,0,1
2020-03-30,145210,세화아이엠씨,59402067,0.6874596312767656,177612180330.0,0.6874596312767656,0,1,0,0
2020-11-25,145210,세화아이엠씨,151569422,0.8581647176560845,85788292852.0,0.891584946390906,0,1,0,0
2024-10-21,145210,다이나믹디자인,34581687,0.998815161562336,88356210285.0,0.8239188349256317,0,1,0,0
2015-11-03,145270,케이탑리츠,27105000,4.0,34558875000.0,-0.03409090909090906,1,0,0,0
2016-01-20,145990,삼양사,10289803,0.6767870060044465,1137023231500.0,0.4532154052038535,0,1,0,0
2016-01-20,145995,삼양사우,370070,1.2472067039106145,18688535000.0,1.1533954183583686,1,0,0,1
2015-02-13,149130,케이비부국위탁리츠,3200000,0.0,1273600000.0,1.2111111111111112,0,0,0,1
2015-02-23,149130,케이비부국위탁리츠,3200000,0.0,3200000000.0,1.4875621890547261,0,0,0,1
2016-09-05,161000,애경유화,32040000,9.0,316234800000.0,-0.16000000000000003,1,0,0,0
2021-11-15,161000,애경케미칼,48648709,0.5183741885143571,622703475200.0,0.5424753661098229,0,1,0,0
2014-11-19,180640,한진칼,52482995,0.8510150199462996,1516758555500.0,0.8382932672318921,0,1,0,0
2022-01-21,181710,NHN,37517915,0.9176011786338121,1390038750750.0,0.7078635497207388,0,1,0,0
2022-04-05,183190,아세아시멘트,38958090,9.0,644756389500.0,-0.04057971014492756,1,0,0,0
2018-01-10,192400,쿠쿠홀딩스,5315894,-0.4577477517912226,555510923000.0,-0.656573576134441,0,0,1,0
2021-08-26,192400,쿠쿠홀딩스,35562185,4.0,919282482250.0,-0.02083333333333337,1,0,0,0
2019-05-31,192650,드림텍,57331200,0.9978916812012888,613443840000.0,0.9434037262594355,0,1,0,0
2025-04-25,194370,제이에스코퍼레이션,27958128,1.0093276128344262,206890147200.0,0.9720191425695959,1,0,0,0
2018-05-04,204320,만도,46957120,4.0,2124809680000.0,-0.0033039647577092213,1,0,0,0
2024-03-28,210980,SK디앤디,17078130,-0.2303738719551599,208353186000.0,-0.6198607788604433,0,0,1,0
2023-12-20,214320,이노션,40000000,1.0,862000000000.0,0.9241071428571428,0,1,0,0
2020-08-12,214330,금호에이치티,86631447,2.0,170230793355.0,2.030848329048843,1,0,0,1
2016-05-16,226320,잇츠스킨,17471300,1.0,1666762020000.0,0.9311740890688258,0,1,0,0
2018-04-24,234080,JW생명과학,15834554,1.0,429908141100.0,-0.06861063464837047,0,1,0,0
2018-06-29,241590,화승엔터프라이즈,60536670,1.0,662876536500.0,0.9380530973451326,0,1,0,0
2021-04-12,267250,현대중공업지주,78993085,4.0,4636894089500.0,0.03710247349823326,1,0,0,0
2017-12-08,267260,현대일렉트릭,10205783,0.9893898899184754,1148150587500.0,0.9210846576465963,0,1,0,0
2018-12-17,267260,현대일렉트릭,20357135,0.9946666512505704,481446242750.0,0.8869546520830396,0,1,0,0
2019-12-27,267260,현대일렉트릭,36047135,0.7707371395827556,416344409250.0,0.8849782453622883,0,1,0,0
2017-12-05,267270,현대건설기계,9876295,0.9895655680869999,1841929017500.0,0.9529156760432922,0,1,0,0
2018-12-17,267270,현대건설기계,19700793,0.9947554219471979,841223861100.0,0.8761245928886641,0,1,0,0
2021-06-22,272210,한화시스템,188919389,0.7138594058667433,3230521551900.0,0.6746854765897892,0,1,0,0
2024-10-31,278470,에이피알,38113390,4.0,1909480839000.0,-0.060037523452157626,1,0,0,0
2019-01-03,280360,롯데제과,6416717,0.5244859829958979,1042716512500.0,0.5829327299478173,0,1,0,0
2019-05-03,284740,쿠쿠홈시스,22437330,4.0,980511321000.0,0.018648018648018683,1,0,0,0
2020-12-29,298690,에어부산,82070000,0.5761474937584021,268779250000.0,0.5931737784131996,0,1,0,0
2021-10-14,298690,에어부산,193920000,1.3628609723406848,550732800000.0,1.3422426392487066,1,0,0,1
2022-10-06,298690,에어부산,116640000,0.8044554455445545,278186400000.0,0.8391565118050266,0,1,0,0
2020-08-13,300720,한일시멘트,6926154,0.6709780770427771,623353860000.0,0.6672730258741679,0,1,0,0
2021-09-10,300720,한일시멘트,69261540,9.0,1502975418000.0,-0.08823529411764708,1,0,0,0
2024-01-29,336370,솔루스첨단소재,70217344,0.999856285153496,816627710720.0,0.8227530247911565,0,1,0,0
2024-01-29,33637K,솔루스첨단소재1우,16908766,0.9998022523130388,46921825650.0,0.8591126466226744,0,1,0,0
2024-01-29,33637L,솔루스첨단소재2우B,3778296,0.9997861698467727,19004828880.0,0.7898442053966668,0,1,0,0
2025-01-20,339770,교촌에프앤비,49965080,1.0,260817717600.0,0.9297597042513863,0,1,0,0
2020-12-17,344820,케이씨씨글라스,15970512,0.9125880666474255,656388043200.0,0.9313850009633708,0,1,0,0
2022-04-27,375500,DL이앤씨,38693623,0.9987678432344091,2360311003000.0,1.070031212857368,0,1,0,1
2022-04-12,383220,F&F,38307075,4.0,5592832950000.0,-0.051948051948051965,1,0,0,0
2024-11-29,451800,한화리츠,179600000,1.5439093484419262,625008000000.0,1.5150012876641772,1,0,0,1
2024-04-30,457190,이수스페셜티케미컬,30208280,4.0,1842705080000.0,-0.10162002945508097,1,0,0,0
2020-10-21,900140,엘브이엠씨홀딩스,84348589,0.6499973523310314,281724287260.0,0.6853183965705336,0,1,0,0
2008-05-02,950010,화풍방직KDR,4946601,-0.2062298412331629,13355822700.0,-0.2047571693245046,0,0,1,0
2015-10-26,950010,평산차업 KDR,4803497,0.0,21615736500.0,5.521739130434782,0,0,0,1
